City_ID,City,Country,Date,Lat,Lng,Max Temp,Humidity,Cloudiness,Wind Speed
0,Hobart,AU,2021-04-01 04:29:34,-42.8794,147.3294,81.0,23,0,18.41
1,Moron,AR,2021-04-01 04:29:04,-34.6534,-58.6198,68.0,88,3,4.81
2,Mar Del Plata,AR,2021-04-01 04:29:12,-38.0023,-57.5575,66.0,93,93,8.55
3,Rikitea,PF,2021-04-01 04:31:39,-23.1203,-134.9692,78.91,72,100,17.02
4,Kavaratti,IN,2021-04-01 04:31:39,10.5669,72.642,83.66,68,40,11.34
5,Teguise,ES,2021-04-01 04:30:02,29.0605,-13.564,60.8,77,0,1.14
6,Nikolskoye,RU,2021-04-01 04:31:39,59.7035,30.7861,34.0,93,40,6.71
7,Souillac,MU,2021-04-01 04:31:40,-20.5167,57.5167,77.0,94,75,5.75
8,Iqaluit,CA,2021-04-01 04:29:45,63.7506,-68.5145,-5.01,71,75,25.32
9,Geraldton,AU,2021-04-01 04:31:40,-28.7667,114.6,100.4,19,0,14.97
10,Bilibino,RU,2021-04-01 04:30:23,68.0546,166.4372,11.93,89,100,1.99
11,Ushuaia,AR,2021-04-01 04:31:25,-54.8,-68.3,41.0,75,0,4.61
12,Ribeira Grande,PT,2021-04-01 04:29:27,38.5167,-28.7,58.23,72,0,11.74
13,East London,ZA,2021-04-01 04:31:41,-33.0153,27.9116,64.4,82,20,4.61
14,Hermanus,ZA,2021-04-01 04:31:41,-34.4187,19.2345,59.0,95,96,4.76
15,Bluff,NZ,2021-04-01 04:31:42,-46.6,168.3333,57.0,78,100,4.0
16,Qaanaaq,GL,2021-04-01 04:31:42,77.484,-69.3632,-12.21,65,58,8.72
17,Laguna,US,2021-04-01 04:30:48,38.421,-121.4238,64.99,39,1,2.8
18,Punta Arenas,CL,2021-04-01 04:31:42,-53.15,-70.9167,42.8,87,0,6.91
19,Artyom,AZ,2021-04-01 04:31:43,40.4723,50.333,48.2,87,0,4.61
20,Bongandanga,CD,2021-04-01 04:31:43,1.5,21.05,69.31,97,51,2.15
21,Saint George,US,2021-04-01 04:31:43,37.1041,-113.5841,61.0,14,1,3.44
22,Cidreira,BR,2021-04-01 04:31:44,-30.1811,-50.2056,67.42,79,46,10.38
23,Katangli,RU,2021-04-01 04:31:44,51.7102,143.2326,33.96,90,25,8.21
24,San Cristobal,VE,2021-04-01 04:31:45,7.7669,-72.225,66.56,85,99,2.66
25,Port Shepstone,ZA,2021-04-01 04:31:45,-30.7414,30.455,69.82,73,100,4.99
26,Sao Filipe,CV,2021-04-01 04:31:45,14.8961,-24.4956,70.5,74,25,10.27
27,Nemuro,JP,2021-04-01 04:30:51,43.3236,145.575,50.0,50,40,14.97
28,Ramsey,US,2021-04-01 04:31:46,45.0333,-93.0835,28.4,46,1,8.05
29,Nisia Floresta,BR,2021-04-01 04:31:47,-6.0911,-35.2086,80.6,78,20,6.91
30,Esperance,AU,2021-04-01 04:31:47,-33.8667,121.9,84.2,39,33,4.61
31,Marakkanam,IN,2021-04-01 04:31:47,12.2,79.95,87.8,66,20,3.44
32,Torbay,CA,2021-04-01 04:31:48,47.6666,-52.7314,25.0,74,1,6.91
33,Saint-Philippe,RE,2021-04-01 04:31:48,-21.3585,55.7679,82.4,74,40,10.36
34,Victor Harbor,AU,2021-04-01 04:31:48,-35.5667,138.6167,75.99,62,4,5.17
35,Saint Anthony,US,2021-04-01 04:31:49,45.0205,-93.218,28.0,46,1,4.61
36,Saint-Joseph,RE,2021-04-01 04:31:49,-21.3667,55.6167,82.4,74,40,10.36
37,Albany,US,2021-04-01 04:31:49,42.6001,-73.9662,44.01,70,100,9.78
38,Mataura,NZ,2021-04-01 04:31:50,-46.1927,168.8643,57.0,78,100,4.0
39,College,US,2021-04-01 04:30:48,64.8569,-147.8028,21.0,73,90,11.5
40,Hilo,US,2021-04-01 04:31:50,19.7297,-155.09,66.99,100,90,5.75
41,Chokurdakh,RU,2021-04-01 04:31:50,70.6333,147.9167,7.52,90,62,5.88
42,Nanortalik,GL,2021-04-01 04:30:38,60.1432,-45.2371,35.06,89,96,11.59
43,Kaeo,NZ,2021-04-01 04:31:51,-35.1,173.7833,66.0,90,31,1.01
44,Pilar,BR,2021-04-01 04:31:51,-9.5972,-35.9567,75.2,94,20,5.75
45,Barrow,US,2021-04-01 04:31:51,71.2906,-156.7887,-5.8,65,1,19.57
46,Vaini,TO,2021-04-01 04:31:52,-21.2,-175.2,82.4,83,75,6.91
47,Ketchikan,US,2021-04-01 04:30:58,55.3422,-131.6461,35.6,100,90,5.75
48,Tiznit,MA,2021-04-01 04:31:52,29.5833,-9.5,58.14,58,0,0.51
49,Rabaul,PG,2021-04-01 04:31:53,-4.1967,152.1721,84.54,67,43,10.25
50,Ilulissat,GL,2021-04-01 04:31:53,69.2167,-51.1,19.4,63,75,10.36
51,Saskylakh,RU,2021-04-01 04:31:53,71.9167,114.0833,-18.17,95,99,10.38
52,Ponta Do Sol,PT,2021-04-01 04:31:53,32.6667,-17.1,57.99,73,24,5.01
53,Ahipara,NZ,2021-04-01 04:31:54,-35.1667,173.1667,66.31,70,24,7.74
54,Corner Brook,CA,2021-04-01 04:31:54,48.9667,-57.9484,35.6,74,20,3.44
55,Salalah,OM,2021-04-01 04:31:54,17.0151,54.0924,82.4,20,0,1.14
56,Jamestown,US,2021-04-01 04:28:36,42.097,-79.2353,39.0,70,90,8.05
57,Constitucion,CL,2021-04-01 04:31:55,-35.3333,-72.4167,55.15,85,93,5.73
58,Udachnyy,RU,2021-04-01 04:31:26,66.4167,112.4,-6.68,80,100,11.81
59,Port Alfred,ZA,2021-04-01 04:31:55,-33.5906,26.891,64.99,84,89,11.03
60,Kaitangata,NZ,2021-04-01 04:30:34,-46.2817,169.8464,60.01,70,80,1.99
61,Busselton,AU,2021-04-01 04:31:56,-33.65,115.3333,79.12,51,100,3.85
62,Chodavaram,IN,2021-04-01 04:31:56,17.8333,82.95,87.8,74,20,6.91
63,Georgetown,MY,2021-04-01 04:31:56,5.4112,100.3354,90.0,58,20,4.61
64,Sakaiminato,JP,2021-04-01 04:31:57,35.55,133.2333,62.6,44,20,24.16
65,Upernavik,GL,2021-04-01 04:29:20,72.7868,-56.1549,7.14,70,100,4.59
66,Khatanga,RU,2021-04-01 04:30:28,71.9667,102.5,-17.79,90,21,1.57
67,Avera,US,2021-04-01 04:31:57,33.194,-82.5271,62.6,86,90,9.22
68,Xichang,CN,2021-04-01 04:31:57,27.8964,102.2634,78.01,15,14,6.67
69,Alice Springs,AU,2021-04-01 04:31:58,-23.7,133.8833,87.01,21,0,11.5
70,Paamiut,GL,2021-04-01 04:31:58,61.994,-49.6678,34.92,74,100,25.7
71,Palana,RU,2021-04-01 04:31:58,59.1167,159.9667,29.01,93,100,1.34
72,Along,IN,2021-04-01 04:31:59,28.1667,94.7667,74.39,57,98,3.78
73,Gubkinskiy,RU,2021-04-01 04:31:59,64.434,76.5026,20.46,94,100,21.5
74,Karratha,AU,2021-04-01 04:31:59,-20.7377,116.8463,95.27,25,3,13.87
75,Butaritari,KI,2021-04-01 04:31:59,3.0707,172.7902,82.96,78,22,15.79
76,Limbang,MY,2021-04-01 04:32:00,4.75,115.0,87.8,66,75,8.05
77,New Norfolk,AU,2021-04-01 04:29:34,-42.7826,147.0587,81.0,26,99,5.99
78,Dikson,RU,2021-04-01 04:32:00,73.5069,80.5464,-4.32,70,100,5.93
79,Shiyan,CN,2021-04-01 04:32:01,32.6475,110.7781,52.03,92,100,1.99
80,Cabo San Lucas,MX,2021-04-01 04:32:01,22.8909,-109.9124,73.99,44,100,9.73
81,Yellowknife,CA,2021-04-01 04:30:16,62.456,-114.3525,19.0,67,75,11.5
82,Gusinoye Ozero,RU,2021-04-01 04:32:01,51.1144,106.2614,39.94,36,76,13.69
83,Puerto Ayora,EC,2021-04-01 04:32:02,-0.7393,-90.3518,75.99,95,16,3.15
84,Tuktoyaktuk,CA,2021-04-01 04:32:02,69.4541,-133.0374,-14.8,76,20,21.85
85,Petropavlovsk-Kamchatskiy,RU,2021-04-01 04:32:02,53.0452,158.6483,37.4,100,75,11.18
86,Mahajanga,MG,2021-04-01 04:32:03,-15.7167,46.3167,75.2,100,40,3.44
87,Namibe,AO,2021-04-01 04:29:29,-15.1961,12.1522,74.08,85,53,2.86
88,Hithadhoo,MV,2021-04-01 04:29:24,-0.6,73.0833,84.07,77,89,20.29
89,Shingu,JP,2021-04-01 04:32:03,33.7333,135.9833,66.2,52,75,6.91
90,Atuona,PF,2021-04-01 04:32:04,-9.8,-139.0333,81.05,74,75,13.06
91,Port Elizabeth,ZA,2021-04-01 04:32:05,-33.918,25.5701,64.4,77,0,11.5
92,Pinawa,CA,2021-04-01 04:32:05,50.1489,-95.8811,15.48,76,3,5.46
93,Soyo,AO,2021-04-01 04:32:05,-6.1349,12.3689,75.9,88,100,5.57
94,Matara,LK,2021-04-01 04:32:06,5.9485,80.5353,87.93,65,59,12.06
95,Luderitz,NA,2021-04-01 04:32:07,-26.6481,15.1594,67.1,58,0,12.12
96,Chumikan,RU,2021-04-01 04:32:07,54.7183,135.315,33.87,89,100,8.19
97,Kavieng,PG,2021-04-01 04:31:28,-2.5744,150.7967,83.77,69,39,2.71
98,Kapaa,US,2021-04-01 04:31:51,22.0752,-159.319,75.2,83,75,18.41
99,Micheweni,TZ,2021-04-01 04:32:08,-4.9667,39.8333,80.22,82,54,11.21
100,Miri,MY,2021-04-01 04:32:08,4.4148,114.0089,89.6,62,40,5.75
101,Talnakh,RU,2021-04-01 04:32:08,69.4865,88.3972,-7.33,82,12,7.29
102,Arraial Do Cabo,BR,2021-04-01 04:32:09,-22.9661,-42.0278,74.48,75,22,19.93
103,Bure,ET,2021-04-01 04:32:09,10.7,37.0667,67.68,49,94,2.53
104,Norton,ZW,2021-04-01 04:32:09,-17.8833,30.7,54.0,89,94,4.0
105,Raga,SS,2021-04-01 04:32:10,8.4596,25.678,74.14,22,7,3.11
106,Vardo,NO,2021-04-01 04:32:10,70.3705,31.1107,33.48,94,95,16.26
107,Imbituba,BR,2021-04-01 04:28:26,-28.24,-48.6703,69.8,68,0,12.66
108,Cherskiy,RU,2021-04-01 04:30:47,68.75,161.3,8.02,86,100,5.35
109,Tacuati,PY,2021-04-01 04:32:10,-23.45,-56.5833,64.26,73,63,2.55
110,Acaponeta,MX,2021-04-01 04:32:11,22.4964,-105.3594,66.87,56,92,2.55
111,Presidencia Roque Saenz Pena,AR,2021-04-01 04:32:11,-26.7852,-60.4388,61.5,79,97,4.59
112,Tadine,NC,2021-04-01 04:32:11,-21.55,167.8833,75.54,85,100,18.95
113,Fruitvale,US,2021-04-01 04:32:12,39.0817,-108.4968,43.0,18,1,4.61
114,Pochutla,MX,2021-04-01 04:32:11,15.7432,-96.4661,79.0,80,56,1.45
115,Cape Town,ZA,2021-04-01 04:31:03,-33.9258,18.4232,62.01,82,20,8.05
116,Kodiak,US,2021-04-01 04:30:13,57.79,-152.4072,30.2,55,90,16.11
117,Majene,ID,2021-04-01 04:32:12,-3.5403,118.9707,89.02,58,78,12.39
118,Dingle,PH,2021-04-01 04:32:13,10.9995,122.6711,86.86,62,100,15.7
119,Parabel,RU,2021-04-01 04:32:13,58.6978,81.4825,30.94,87,100,12.24
120,Luena,AO,2021-04-01 04:32:13,-11.7833,19.9167,60.3,99,91,2.48
121,Popondetta,PG,2021-04-01 04:32:13,-8.7537,148.2534,83.48,70,100,3.51
122,Thinadhoo,MV,2021-04-01 04:32:14,0.5333,72.9333,83.59,78,100,20.36
123,Santa Marta,CO,2021-04-01 04:27:26,11.2408,-74.199,86.0,58,40,5.75
124,Riohacha,CO,2021-04-01 04:32:14,11.5444,-72.9072,78.67,70,64,14.81
125,Rawson,AR,2021-04-01 04:30:48,-43.3002,-65.1023,58.98,88,100,8.39
126,Grindavik,IS,2021-04-01 04:29:12,63.8424,-22.4338,41.0,87,90,17.27
127,Ancud,CL,2021-04-01 04:32:15,-41.8697,-73.8203,53.01,100,90,5.75
128,Poum,NC,2021-04-01 04:30:20,-20.2333,164.0167,78.31,75,100,12.1
129,Hofn,IS,2021-04-01 04:32:15,64.2539,-15.2082,42.08,65,2,11.72
130,Bethel,US,2021-04-01 04:32:16,41.3712,-73.414,55.0,96,100,3.67
131,Pacific Grove,US,2021-04-01 04:32:16,36.6177,-121.9166,62.6,39,1,5.75
132,Teresina,BR,2021-04-01 04:32:16,-5.0892,-42.8019,77.0,94,75,1.68
133,Komsomolskiy,UZ,2021-04-01 04:32:17,40.4272,71.7189,44.6,45,20,34.52
134,Galveston,US,2021-04-01 04:32:17,29.3669,-94.9669,62.6,42,90,28.77
135,Gevrai,IN,2021-04-01 04:32:17,19.2667,75.75,94.5,14,41,13.65
136,Rudbar,AF,2021-04-01 04:32:18,30.15,62.6,64.78,20,0,12.8
137,Bonavista,CA,2021-04-01 04:32:18,48.6499,-53.1147,27.0,74,6,5.75
138,Marevo,RU,2021-04-01 04:32:18,57.3146,32.0804,38.43,97,100,2.26
139,Aloleng,PH,2021-04-01 04:32:19,16.1307,119.7824,87.71,61,14,8.97
140,Hamilton,US,2021-04-01 04:32:08,39.1834,-84.5333,39.0,49,28,1.99
141,Honiara,SB,2021-04-01 04:32:19,-9.4333,159.95,83.32,75,96,3.71
142,Northam,GB,2021-04-01 04:32:02,51.0333,-4.2167,48.0,92,100,1.99
143,Ilebo,CD,2021-04-01 04:29:19,-4.3167,20.5833,70.92,93,99,1.48
144,Brenham,US,2021-04-01 04:32:19,30.1669,-96.3977,59.0,41,90,6.91
145,Ostrovnoy,RU,2021-04-01 04:32:20,68.0531,39.5131,31.95,99,100,11.07
146,Tuatapere,NZ,2021-04-01 04:32:20,-46.1333,167.6833,57.0,78,100,4.0
147,Faya,SA,2021-04-01 04:32:21,18.3851,42.4509,62.6,51,0,4.61
148,Quatre Cocos,MU,2021-04-01 04:32:21,-20.2078,57.7625,80.01,94,75,5.75
149,Hambantota,LK,2021-04-01 04:32:21,6.1241,81.1185,87.8,74,20,9.22
150,Vila Franca Do Campo,PT,2021-04-01 04:32:21,37.7167,-25.4333,57.2,82,20,3.44
151,Mayo,US,2021-04-01 04:31:06,38.8876,-76.5119,57.99,100,40,17.22
152,Vao,NC,2021-04-01 04:32:22,-22.6667,167.4833,74.93,80,100,16.44
153,Millinocket,US,2021-04-01 04:32:22,45.6573,-68.7098,50.0,81,75,3.44
154,Prado,BR,2021-04-01 04:32:23,-17.3411,-39.2208,75.15,94,47,7.27
155,Ngunguru,NZ,2021-04-01 04:32:23,-35.6167,174.5,66.0,90,34,1.01
156,Bandarbeyla,SO,2021-04-01 04:32:23,9.4942,50.8122,79.84,53,50,2.75
157,Katsuura,JP,2021-04-01 04:30:34,35.1333,140.3,69.01,59,75,6.91
158,Gumdag,TM,2021-04-01 04:32:24,39.2061,54.5906,53.6,33,89,26.84
159,Zhigalovo,RU,2021-04-01 04:32:24,54.8097,105.1578,28.54,56,66,12.82
160,Belaya Gora,RU,2021-04-01 04:31:42,68.5333,146.4167,12.47,82,64,4.23
161,Bubaque,GW,2021-04-01 04:32:25,11.2833,-15.8333,76.5,65,1,12.5
162,Provideniya,RU,2021-04-01 04:32:26,64.3833,-173.3,8.6,66,0,4.47
163,Port Blair,IN,2021-04-01 04:30:07,11.6667,92.75,77.65,86,100,6.33
164,San Ignacio,BZ,2021-04-01 04:32:27,17.1561,-89.0714,78.8,78,40,6.91
165,Perth,AU,2021-04-01 04:28:57,-31.9333,115.8333,87.01,37,0,9.22
166,Milkovo,RU,2021-04-01 04:32:27,54.7167,158.6167,33.17,98,100,2.51
167,Bang Saphan,TH,2021-04-01 04:32:28,11.2126,99.5117,89.6,70,20,6.91
168,San Clemente,US,2021-04-01 04:32:28,33.427,-117.612,70.0,41,25,6.06
169,Pevek,RU,2021-04-01 04:29:29,69.7008,170.3133,-0.44,85,100,3.51
170,Escanaba,US,2021-04-01 04:32:28,45.7453,-87.0646,21.2,63,90,9.22
171,Auki,SB,2021-04-01 04:32:29,-8.7676,160.7034,81.61,78,93,2.1
172,Kahului,US,2021-04-01 04:32:29,20.8947,-156.47,75.2,83,40,18.41
173,Gillette,US,2021-04-01 04:32:29,44.2911,-105.5022,30.99,50,1,10.36
174,Soure,BR,2021-04-01 04:32:29,-0.7167,-48.5233,75.52,90,99,4.92
175,Faanui,PF,2021-04-01 04:32:30,-16.4833,-151.75,83.07,68,100,5.48
176,Mount Isa,AU,2021-04-01 04:32:30,-20.7333,139.5,89.6,25,40,18.41
177,Mahebourg,MU,2021-04-01 04:32:30,-20.4081,57.7,77.0,94,75,5.75
178,Kenai,US,2021-04-01 04:32:31,60.5544,-151.2583,30.2,59,90,10.36
179,Chernogorsk,RU,2021-04-01 04:32:31,53.8236,91.2842,32.0,43,0,6.71
180,Tasiilaq,GL,2021-04-01 04:32:31,65.6145,-37.6368,26.6,54,20,3.44
181,Misratah,LY,2021-04-01 04:32:32,32.3754,15.0925,58.62,67,0,3.8
182,Sistranda,NO,2021-04-01 04:32:32,63.7256,8.834,37.4,87,75,23.02
183,Matamoros,MX,2021-04-01 04:32:32,25.5333,-103.25,75.2,46,75,16.11
184,Moranbah,AU,2021-04-01 04:32:33,-22.0016,148.0466,78.73,44,46,18.28
185,Maarianhamina,AX,2021-04-01 04:32:33,60.0973,19.9348,33.8,86,0,5.75
186,Clyde River,CA,2021-04-01 04:30:45,70.4692,-68.5914,-11.2,70,90,9.22
187,Mehamn,NO,2021-04-01 04:32:33,71.0357,27.8492,33.21,95,100,8.59
188,Satipo,PE,2021-04-01 04:32:34,-11.2522,-74.6386,69.98,93,76,1.52
189,Palm Coast,US,2021-04-01 04:32:34,29.585,-81.2078,71.01,88,40,12.66
190,Loandjili,CG,2021-04-01 04:32:34,-4.7561,11.8578,75.2,94,20,2.3
191,Polunochnoye,RU,2021-04-01 04:32:34,60.8697,60.4153,32.47,83,97,7.27
192,Flinders,AU,2021-04-01 04:32:35,-34.5833,150.8552,79.0,44,20,4.61
193,Chuy,UY,2021-04-01 04:32:35,-33.6971,-53.4616,63.59,73,98,6.62
194,San Carlos De Bariloche,AR,2021-04-01 04:32:35,-41.1456,-71.3082,61.0,67,75,10.36
195,Monrovia,LR,2021-04-01 04:32:19,6.3005,-10.7969,75.2,94,46,3.44
196,Broken Hill,AU,2021-04-01 04:32:36,-31.95,141.4333,84.2,23,0,5.75
197,Longyearbyen,SJ,2021-04-01 04:29:23,78.2186,15.6401,30.2,69,75,11.5
198,Develi,TR,2021-04-01 04:32:36,38.3906,35.4922,37.4,93,75,1.14
199,Pangnirtung,CA,2021-04-01 04:32:37,66.1451,-65.7125,5.31,98,100,2.04
200,Nelson Bay,AU,2021-04-01 04:32:37,-32.7167,152.15,75.99,78,75,10.36
201,Chara,RU,2021-04-01 04:32:38,56.9064,118.2631,19.8,68,63,0.45
202,Santa Barbara,US,2021-04-01 04:32:07,34.7333,-120.0343,59.0,41,1,4.88
203,Lebu,CL,2021-04-01 04:30:30,-37.6167,-73.65,55.98,93,43,12.37
204,Gevgelija,MK,2021-04-01 04:32:38,41.1392,22.5025,48.99,99,23,1.01
205,Karatuzskoye,RU,2021-04-01 04:32:38,53.6072,92.8667,31.39,66,87,8.05
206,Aklavik,CA,2021-04-01 04:29:23,68.2191,-135.0107,-0.4,71,100,9.22
207,Sur,OM,2021-04-01 04:32:39,22.5667,59.5289,84.25,50,39,7.31
208,Whitehorse,CA,2021-04-01 04:32:02,60.7161,-135.0538,30.0,59,75,3.44
209,Kawalu,ID,2021-04-01 04:32:39,-7.3817,108.2082,83.19,74,84,2.82
210,Tirlyanskiy,RU,2021-04-01 04:32:39,54.2109,58.5806,32.32,83,100,16.44
211,Bredasdorp,ZA,2021-04-01 04:32:40,-34.5322,20.0403,55.4,88,100,3.44
212,Yar-Sale,RU,2021-04-01 04:32:40,66.8333,70.8333,13.66,94,100,20.15
213,Tigil,RU,2021-04-01 04:32:40,57.8,158.6667,32.16,99,100,6.29
214,Coihaique,CL,2021-04-01 04:32:41,-45.5752,-72.0662,51.8,71,90,9.22
215,Taoudenni,ML,2021-04-01 04:32:41,22.6783,-3.9836,77.67,9,15,10.18
216,Boralday,KZ,2021-04-01 04:32:41,43.3578,76.8594,35.6,93,90,6.71
217,Ruzhyn,UA,2021-04-01 04:32:42,49.7228,29.2046,46.4,93,75,4.47
218,Grants,US,2021-04-01 04:32:42,35.1473,-107.8514,37.4,25,1,5.75
219,Thompson,CA,2021-04-01 04:29:56,55.7435,-97.8558,21.2,63,75,6.91
220,Ibra,OM,2021-04-01 04:32:42,22.6906,58.5334,89.69,13,57,1.28
221,Hasaki,JP,2021-04-01 04:32:43,35.7333,140.8333,69.01,55,40,8.05
222,Mpika,ZM,2021-04-01 04:32:12,-11.8343,31.4529,60.55,94,98,8.1
223,Beringovskiy,RU,2021-04-01 04:32:43,63.05,179.3167,9.46,88,56,6.08
224,Kamina,CD,2021-04-01 04:32:43,-8.7386,24.9906,63.41,97,84,2.28
225,Banda Aceh,ID,2021-04-01 04:28:02,5.5577,95.3222,81.99,73,100,18.14
226,Taksimo,RU,2021-04-01 04:32:44,56.3444,114.8794,25.79,77,55,2.53
227,Katherine,AU,2021-04-01 04:30:43,-14.4667,132.2667,91.4,31,100,9.22
228,Sisimiut,GL,2021-04-01 04:32:44,66.9395,-53.6735,26.15,74,100,23.47
229,Pregassona,CH,2021-04-01 04:32:45,46.0202,8.9743,54.0,87,0,4.61
230,Kafue,ZM,2021-04-01 04:32:45,-15.7691,28.1814,57.2,94,0,1.14
231,Vuktyl,RU,2021-04-01 04:32:46,63.8567,57.3094,32.43,95,100,8.37
232,Samarai,PG,2021-04-01 04:32:46,-10.6167,150.6667,85.33,69,73,12.35
233,Sosnovo,RU,2021-04-01 04:32:47,60.5514,30.2144,32.0,85,14,6.98
234,Tuensang,IN,2021-04-01 04:32:47,26.2833,94.8333,82.06,29,14,4.63
235,Oranjestad,AW,2021-04-01 04:32:47,12.524,-70.027,79.0,83,40,16.11
236,Warin Chamrap,TH,2021-04-01 04:32:27,15.1932,104.8628,96.01,46,20,6.91
237,Sterling,US,2021-04-01 04:32:48,39.0062,-77.4286,53.6,82,90,17.27
238,Adrar,MR,2021-04-01 04:32:48,20.5022,-10.0711,78.4,9,100,4.05
239,Pangai,TO,2021-04-01 04:32:49,-19.8,-174.35,84.2,79,20,13.8
240,Pathein,MM,2021-04-01 04:32:49,16.7833,94.7333,97.52,28,50,7.14
241,Sioux Lookout,CA,2021-04-01 04:32:49,50.1001,-91.917,12.2,73,1,3.44
242,Kruisfontein,ZA,2021-04-01 04:32:50,-34.0033,24.7314,63.0,79,100,5.44
243,Lompoc,US,2021-04-01 04:32:50,34.6391,-120.4579,60.01,67,0,3.44
244,Santa Isabel Do Rio Negro,BR,2021-04-01 04:32:50,-0.4139,-65.0192,72.81,98,100,0.38
245,Hervey Bay,AU,2021-04-01 04:32:51,-25.2986,152.8535,78.01,63,18,10.0
246,Altamira,BR,2021-04-01 04:32:51,-3.2033,-52.2064,71.29,99,100,2.46
247,Pokhara,NP,2021-04-01 04:32:51,28.2333,83.9833,80.91,27,12,9.42
248,Norman Wells,CA,2021-04-01 04:30:22,65.282,-126.8329,12.2,85,90,3.13
249,Bambous Virieux,MU,2021-04-01 04:29:34,-20.3428,57.7575,80.01,94,75,5.75
250,Ferkessedougou,CI,2021-04-01 04:32:52,9.6,-5.2,77.02,39,61,2.1
251,Kosonsoy,UZ,2021-04-01 04:32:52,41.2561,71.5508,46.4,57,96,25.32
252,Wanaka,NZ,2021-04-01 04:30:34,-44.7,169.15,66.22,45,80,1.95
253,Grand-Santi,GF,2021-04-01 04:30:19,4.25,-54.3833,69.93,99,69,2.15
254,Henties Bay,NA,2021-04-01 04:32:53,-22.116,14.2845,68.92,77,77,7.23
255,Kununurra,AU,2021-04-01 04:32:53,-15.7667,128.7333,93.2,31,100,19.57
256,Victoria,HK,2021-04-01 04:31:54,22.2855,114.1577,82.0,79,85,1.99
257,Lahij,YE,2021-04-01 04:32:53,13.1667,44.5833,81.41,24,28,3.47
258,Tamandare,BR,2021-04-01 04:32:54,-8.7597,-35.1047,77.58,86,87,5.73
259,Bilma,NE,2021-04-01 04:32:54,18.6853,12.9164,64.62,13,0,13.67
260,Alofi,NU,2021-04-01 04:32:54,-19.0595,-169.9187,84.2,74,3,14.97
261,Sharan,RU,2021-04-01 04:32:55,54.8167,54.0,34.54,92,100,23.62
262,Makakilo City,US,2021-04-01 04:32:55,21.3469,-158.0858,78.8,61,40,10.36
263,Cockburn Town,TC,2021-04-01 04:28:47,21.4612,-71.1419,77.18,73,0,24.32
264,Salina Cruz,MX,2021-04-01 04:32:56,16.1667,-95.2,85.64,55,10,23.22
265,Galesong,ID,2021-04-01 04:32:56,-5.3166,119.3661,77.0,100,40,9.22
266,Muti,PH,2021-04-01 04:32:56,7.2758,122.28,84.2,84,75,8.05
267,Leshukonskoye,RU,2021-04-01 04:32:57,64.8989,45.7622,32.54,95,98,5.35
268,Banyo,CM,2021-04-01 04:32:57,6.75,11.8167,64.89,27,45,1.88
269,Rio Grande,BR,2021-04-01 04:32:57,-32.035,-52.0986,65.68,76,24,10.69
270,Eureka,US,2021-04-01 04:32:58,40.8021,-124.1637,54.0,60,0,4.5
271,Caravelas,BR,2021-04-01 04:32:58,-17.7125,-39.2481,74.66,94,95,5.61
272,Cantanhede,BR,2021-04-01 04:32:58,-3.6333,-44.3767,73.04,98,100,2.15
273,Iaciara,BR,2021-04-01 04:32:59,-14.0958,-46.6317,70.14,67,16,2.04
274,Santa Lucia,ES,2021-04-01 04:32:59,27.9117,-15.5407,66.2,82,40,4.61
275,Dunedin,NZ,2021-04-01 04:32:11,-45.8742,170.5036,59.0,71,61,13.0
276,Oussouye,SN,2021-04-01 04:32:59,12.485,-16.5469,71.6,88,0,11.5
277,Severo-Kurilsk,RU,2021-04-01 04:29:54,50.6789,156.125,38.44,98,100,18.16
278,Padang,ID,2021-04-01 04:33:00,-0.9492,100.3543,86.0,58,75,4.61
279,Maldonado,UY,2021-04-01 04:33:00,-34.6667,-54.9167,59.0,94,20,3.44
280,Rehoboth,NA,2021-04-01 04:33:01,-23.3167,17.0833,65.1,68,81,3.83
281,San Bartolome,ES,2021-04-01 04:33:01,27.9248,-15.5733,66.2,82,40,4.61
282,Cherlak,RU,2021-04-01 04:33:01,54.155,74.8055,19.47,86,23,11.01
283,Airai,TL,2021-04-01 04:33:02,-8.9266,125.4092,62.26,96,100,1.74
284,Ngorongoro,TZ,2021-04-01 04:33:02,-3.2397,35.4875,53.74,95,86,5.03
285,Avarua,CK,2021-04-01 04:29:22,-21.2078,-159.775,82.4,69,40,5.75
286,Akdepe,TM,2021-04-01 04:33:02,42.0551,59.3788,39.2,52,0,18.41
287,Fortuna,US,2021-04-01 04:33:03,40.5982,-124.1573,53.6,50,1,8.05
288,Carnarvon,AU,2021-04-01 04:33:03,-24.8667,113.6333,95.0,29,0,20.71
289,Innisfail,AU,2021-04-01 04:33:03,-17.5333,146.0333,77.83,76,77,15.9
290,Waitati,NZ,2021-04-01 04:33:03,-45.75,170.5667,59.0,74,56,21.99
291,Biak,ID,2021-04-01 04:33:04,-0.9131,122.8766,84.87,66,96,0.43
292,Saurimo,AO,2021-04-01 04:33:04,-9.6608,20.3916,62.85,97,100,2.71
293,Erzin,TR,2021-04-01 04:30:55,36.9559,36.2,53.01,93,59,4.0
294,Atikokan,CA,2021-04-01 04:33:05,48.7555,-91.6216,15.6,76,27,1.05
295,Tiksi,RU,2021-04-01 04:33:06,71.6872,128.8694,-4.05,97,100,10.56
296,Ongandjera,NA,2021-04-01 04:33:06,-17.8833,15.0667,66.09,85,98,9.89
297,Georgiyevka,KZ,2021-04-01 04:33:07,43.0369,74.7114,33.8,93,75,6.71
298,Urambo,TZ,2021-04-01 04:33:07,-5.0667,32.05,64.47,94,57,4.36
299,Sanmenxia,CN,2021-04-01 04:33:07,34.7747,111.1814,57.13,51,100,3.65
300,Camacha,PT,2021-04-01 04:31:07,33.0833,-16.3333,60.8,77,20,11.5
301,Cairns,AU,2021-04-01 04:33:08,-16.9167,145.7667,84.99,58,75,26.46
302,Palu,ID,2021-04-01 04:33:08,-0.8917,119.8707,89.35,62,100,4.65
303,Maralal,KE,2021-04-01 04:33:08,1.0968,36.698,64.24,66,14,6.91
304,Nyurba,RU,2021-04-01 04:33:09,63.2842,118.3319,22.57,77,92,0.81
305,Villarrica,PY,2021-04-01 04:33:09,-25.75,-56.4333,59.58,82,91,4.18
306,Bengkulu,ID,2021-04-01 04:33:09,-3.8004,102.2655,78.46,83,100,12.37
307,Port Lincoln,AU,2021-04-01 04:33:10,-34.7333,135.8667,80.08,39,3,9.26
308,Katubao,PH,2021-04-01 04:33:10,5.8892,124.8294,87.8,66,75,4.61
309,Westport,US,2021-04-01 04:30:57,41.1415,-73.3579,55.0,100,90,4.61
310,Rotenburg,DE,2021-04-01 04:33:10,53.1167,9.4,51.8,66,0,5.75
311,Waipawa,NZ,2021-04-01 04:33:11,-41.4122,175.5153,61.0,55,69,23.02
312,Ugoofaaru,MV,2021-04-01 04:33:11,5.6667,73.0,84.61,73,68,13.73
313,Hami,CN,2021-04-01 04:30:44,42.8,93.45,51.82,25,3,1.36
314,Adamantina,BR,2021-04-01 04:33:11,-21.6853,-51.0725,68.0,56,0,5.75
315,Castro,BR,2021-04-01 04:29:32,-24.7911,-50.0119,50.97,76,0,2.13
316,Anadyr,RU,2021-04-01 04:33:12,64.75,177.4833,8.6,72,40,8.95
317,Nouadhibou,MR,2021-04-01 04:31:56,20.931,-17.0347,64.4,82,0,18.41
318,Sinop,TR,2021-04-01 04:33:12,41.7711,34.8709,38.77,97,100,2.33
319,Midland,US,2021-04-01 04:33:13,31.9974,-102.0779,51.8,24,1,8.05
320,Shakawe,BW,2021-04-01 04:33:13,-18.3667,21.85,63.95,64,91,3.91
321,Mitsamiouli,KM,2021-04-01 04:33:13,-11.3847,43.2844,82.4,78,20,3.44
322,Lata,PT,2021-04-01 04:33:14,40.1629,-8.3327,61.0,82,84,1.01
323,Naryan-Mar,RU,2021-04-01 04:33:06,67.6713,53.087,29.5,96,100,6.22
324,Itamaraca,BR,2021-04-01 04:33:14,-7.7478,-34.8256,77.0,83,75,2.3
325,Barra Do Garcas,BR,2021-04-01 04:33:14,-15.89,-52.2567,72.57,78,5,1.68
326,Quincy,US,2021-04-01 04:33:15,42.2529,-71.0023,57.2,88,90,5.75
327,San Patricio,US,2021-04-01 04:33:15,28.017,-97.5169,71.6,49,90,13.8
328,Santiago De Cao,PE,2021-04-01 04:33:15,-7.9589,-79.2392,68.38,88,41,12.86
329,Guerrero Negro,MX,2021-04-01 04:31:14,27.9769,-114.0611,65.37,52,47,8.5
330,Chatellerault,FR,2021-04-01 04:33:16,46.8,0.5333,51.8,54,0,2.3
331,Hwange,ZW,2021-04-01 04:33:16,-18.3693,26.5019,63.54,80,87,1.57
332,Kabinda,CD,2021-04-01 04:33:16,-6.1333,24.4833,66.65,91,80,2.91
333,Lazaro Cardenas,MX,2021-04-01 04:33:17,17.9583,-102.2,74.86,60,46,4.16
334,Anshun,CN,2021-04-01 04:33:17,26.25,105.9333,85.53,19,6,21.72
335,Sabha,LY,2021-04-01 04:33:17,27.0377,14.4283,55.04,39,1,9.35
336,San Policarpo,PH,2021-04-01 04:33:18,12.1791,125.5072,82.69,68,100,11.77
337,Kamiiso,JP,2021-04-01 04:33:18,41.8167,140.65,57.2,38,40,18.41
338,Adeje,ES,2021-04-01 04:33:18,28.1227,-16.726,62.01,77,20,6.91
339,Sao Joao Da Barra,BR,2021-04-01 04:33:19,-21.6403,-41.0511,70.48,91,24,8.19
340,Beaumont,US,2021-04-01 04:33:19,30.0861,-94.1019,57.2,47,1,12.66
341,Bay City,US,2021-04-01 04:33:19,43.5945,-83.8889,30.2,55,40,14.97
342,Nacozari,MX,2021-04-01 04:33:20,25.3366,-108.2574,66.0,54,100,7.11
343,Ayan,RU,2021-04-01 04:33:20,56.45,138.1667,31.39,70,56,2.91
344,Belyy Yar,RU,2021-04-01 04:33:20,53.6039,91.3903,32.0,43,0,6.71
345,Kerugoya,KE,2021-04-01 04:33:21,-0.4989,37.2803,64.2,84,68,0.81
346,Izmir,TR,2021-04-01 04:32:40,38.4622,27.0923,46.4,66,75,8.05
347,Brigantine,US,2021-04-01 04:28:24,39.4101,-74.3646,57.2,94,90,4.61
348,Nome,US,2021-04-01 04:32:57,64.5011,-165.4064,-8.9,95,6,6.69
349,Qaqortoq,GL,2021-04-01 04:33:21,60.7167,-46.0333,30.2,86,75,4.61
350,La Ronge,CA,2021-04-01 04:33:22,55.1001,-105.2842,37.4,75,88,5.75
351,Locri,IT,2021-04-01 04:33:22,38.2414,16.2623,55.0,71,75,5.75
352,Yulara,AU,2021-04-01 04:33:22,-25.2406,130.9889,84.2,12,0,14.97
353,Port-Gentil,GA,2021-04-01 04:33:23,-0.7193,8.7815,76.14,83,90,9.78
354,Waconia,US,2021-04-01 04:33:23,44.8508,-93.7869,26.01,61,2,6.46
355,Palasa,IN,2021-04-01 04:31:06,18.7667,84.4167,98.51,29,8,12.8
356,Huescar,ES,2021-04-01 04:33:23,37.811,-2.5412,52.0,43,99,8.57
357,Asau,RO,2021-04-01 04:33:24,46.4333,26.4,41.0,57,92,2.04
358,Nchelenge,ZM,2021-04-01 04:33:24,-9.3451,28.734,67.08,89,58,5.17
359,Dali,CN,2021-04-01 04:33:25,25.7,100.1833,70.0,32,26,9.1
360,Bitung,ID,2021-04-01 04:33:25,1.4451,125.1824,89.6,66,40,10.36
361,Waddan,LY,2021-04-01 04:33:25,29.1614,16.139,51.37,82,0,3.18
362,Mlonggo,ID,2021-04-01 04:33:26,-6.5333,110.7,87.8,66,20,10.36
363,Pisco,PE,2021-04-01 04:33:27,-13.7,-76.2167,68.0,77,0,8.05
364,Zhaotong,CN,2021-04-01 04:33:27,27.3167,103.7167,68.59,40,40,4.7
365,Griffith,US,2021-04-01 04:33:27,41.5284,-87.4237,37.0,48,90,6.91
366,Jinchang,CN,2021-04-01 04:33:28,38.4953,102.1739,46.42,34,100,13.22
367,Iquique,CL,2021-04-01 04:28:36,-20.2208,-70.1431,68.0,68,90,8.05
368,Puerto Ayacucho,VE,2021-04-01 04:33:28,5.6639,-67.6236,75.07,89,97,4.72
369,Naples,IT,2021-04-01 04:30:34,40.8333,14.25,55.0,81,0,2.3
370,Khandbari,NP,2021-04-01 04:33:28,27.3747,87.2039,77.92,34,29,5.55
371,Daru,PG,2021-04-01 04:33:29,-9.0763,143.2092,81.5,82,80,6.64
372,Broome,US,2021-04-01 04:30:49,42.2506,-75.833,41.0,93,90,4.61
373,Sanming,CN,2021-04-01 04:33:29,26.2486,117.6186,89.02,46,5,4.68
374,Kitui,KE,2021-04-01 04:33:29,-1.367,38.0106,66.96,86,32,5.66
375,Ishinomaki,JP,2021-04-01 04:33:30,38.4167,141.3,57.2,38,20,10.36
376,Evanston,US,2021-04-01 04:28:56,42.0411,-87.6901,36.0,44,90,17.27
377,Gweta,BW,2021-04-01 04:33:30,-20.1833,25.2333,65.7,49,76,8.77
378,Vila Velha,BR,2021-04-01 04:33:30,-20.3297,-40.2925,71.6,88,90,3.44
379,Szydlowiec,PL,2021-04-01 04:33:31,51.2282,20.8611,51.04,82,48,5.44
380,Masterton,NZ,2021-04-01 04:33:31,-40.9597,175.6575,61.0,61,75,4.0
381,Beyneu,KZ,2021-04-01 04:33:31,45.3167,55.2,41.92,45,9,17.83
382,Immokalee,US,2021-04-01 04:31:11,26.4187,-81.4173,73.99,88,90,2.62
383,Powell,US,2021-04-01 04:33:32,40.1578,-83.0752,39.2,48,90,14.97
384,Ponnani,IN,2021-04-01 04:33:32,10.767,75.9252,87.8,70,40,3.44
385,Leningradskiy,RU,2021-04-01 04:33:33,69.3833,178.4167,-2.69,93,100,3.42
386,Gazojak,TM,2021-04-01 04:33:33,41.1875,61.4036,42.73,40,0,15.28
387,Sitka,US,2021-04-01 04:33:33,57.0531,-135.33,33.8,86,90,9.22
388,Saint-Augustin,CA,2021-04-01 04:32:19,51.226,-58.6502,29.77,94,100,6.31
389,Saldanha,ZA,2021-04-01 04:30:06,-33.0117,17.9442,57.2,88,59,5.75
390,Olafsvik,IS,2021-04-01 04:31:30,64.8945,-23.7142,40.78,90,100,19.62
391,Te Anau,NZ,2021-04-01 04:33:34,-45.4167,167.7167,64.87,49,100,2.89
392,Mogadishu,SO,2021-04-01 04:33:34,2.0371,45.3438,82.4,69,40,6.91
393,Korla,CN,2021-04-01 04:29:38,41.7597,86.1469,49.6,39,71,5.17
394,San Quintin,MX,2021-04-01 04:33:35,30.4833,-115.95,63.64,50,14,3.38
395,Nyrob,RU,2021-04-01 04:33:35,60.733,56.7202,33.03,99,100,7.38
396,Korampallam,IN,2021-04-01 04:33:35,8.7667,78.1,89.6,58,20,3.44
397,Parainen,FI,2021-04-01 04:29:02,60.3067,22.301,34.0,93,0,4.61
398,Kamenka,RU,2021-04-01 04:33:36,51.3223,42.7678,37.99,87,87,11.27
399,Igdir,TR,2021-04-01 04:33:36,39.9237,44.045,42.8,75,20,6.91
400,Mnogovershinnyy,RU,2021-04-01 04:33:36,53.9353,139.9242,32.79,83,55,4.25
401,Nioro,GM,2021-04-01 04:33:37,13.35,-15.75,72.59,42,0,9.24
402,Madang,PG,2021-04-01 04:33:37,-5.2246,145.7966,85.37,67,68,7.52
403,Kirakira,SB,2021-04-01 04:33:37,-10.4544,161.9205,83.35,73,89,6.11
404,Kuhdasht,IR,2021-04-01 04:33:38,33.535,47.6061,57.2,77,75,4.61
405,Yerbogachen,RU,2021-04-01 04:33:38,61.2767,108.0108,11.1,73,100,11.39
406,Chipinge,ZW,2021-04-01 04:33:38,-20.1883,32.6236,59.77,68,66,2.04
407,Tucuman,AR,2021-04-01 04:31:27,-26.8241,-65.2226,66.2,94,90,3.44
408,Jobner,IN,2021-04-01 04:33:39,26.9667,75.3833,89.6,9,1,11.5
409,Libreville,GA,2021-04-01 04:33:39,0.3925,9.4537,77.0,94,20,7.76
410,Takoradi,GH,2021-04-01 04:33:39,4.8845,-1.7554,78.91,87,16,7.31
411,Danilov,RU,2021-04-01 04:33:40,58.1908,40.1717,33.49,90,100,5.77
412,Grahamstown,ZA,2021-04-01 04:33:40,-33.3042,26.5328,58.23,83,80,3.85
413,Pacifica,US,2021-04-01 04:33:40,37.6138,-122.4869,64.0,58,20,1.7
414,Saint John,CA,2021-04-01 04:33:40,45.2727,-66.0677,48.2,93,90,17.27
415,Lagoa,PT,2021-04-01 04:30:51,39.05,-27.9833,56.95,67,0,6.98
416,Marfino,RU,2021-04-01 04:33:41,55.7028,37.3822,41.0,100,90,8.95
417,Vila Do Maio,CV,2021-04-01 04:33:41,15.1333,-23.2167,68.0,77,75,12.66
418,Chesterton,US,2021-04-01 04:33:41,41.6106,-87.0642,34.0,60,90,6.91
419,Cadillac,US,2021-04-01 04:33:42,44.2519,-85.4012,23.0,80,90,12.66
420,Hue,VN,2021-04-01 04:29:22,16.4667,107.6,93.2,62,20,3.44
421,Labytnangi,RU,2021-04-01 04:33:42,66.6572,66.4183,14.68,93,100,17.9
422,Sungurlare,BG,2021-04-01 04:33:43,42.7667,26.7833,39.2,93,75,11.5
423,Amahai,ID,2021-04-01 04:33:43,-3.3333,128.9167,83.35,77,99,3.58
424,Pandan,PH,2021-04-01 04:33:43,14.0453,124.1694,84.63,61,80,12.59
425,Shimoda,JP,2021-04-01 04:30:19,34.6667,138.95,64.4,72,40,13.8
426,Gualeguay,AR,2021-04-01 04:33:44,-33.1416,-59.3097,55.18,89,1,6.31
427,Puerto Narino,CO,2021-04-01 04:33:45,-3.7703,-70.3831,75.2,100,0,1.88
428,Dolores,AR,2021-04-01 04:29:33,-36.3132,-57.6792,54.72,81,78,6.82
429,Luoyang,CN,2021-04-01 04:33:45,34.6836,112.4536,59.0,99,99,7.31
430,Trairi,BR,2021-04-01 04:31:54,-3.2778,-39.2689,75.61,92,99,6.49
431,Kasongo-Lunda,CD,2021-04-01 04:33:46,-6.4667,16.8167,68.0,98,100,0.31
432,Boddam,GB,2021-04-01 04:33:47,57.4667,-1.7833,41.0,87,90,3.44
433,Newtownards,GB,2021-04-01 04:33:47,54.5924,-5.6909,44.6,81,90,2.3
434,Falesti,MD,2021-04-01 04:33:47,47.5736,27.7092,39.2,75,0,9.22
435,La Carolina,ES,2021-04-01 04:33:48,38.2756,-3.6153,54.19,47,92,0.36
436,Haines Junction,CA,2021-04-01 04:30:06,60.7522,-137.5108,30.2,59,100,11.5
437,Touros,BR,2021-04-01 04:33:48,-5.1989,-35.4608,75.2,94,40,3.44
438,Maningrida,AU,2021-04-01 04:33:48,-12.0667,134.2667,85.15,70,91,12.08
439,Sheridan,US,2021-04-01 04:33:49,44.8333,-106.9173,35.01,74,1,6.91
440,Mandali,IQ,2021-04-01 04:33:49,33.7499,45.5541,73.81,32,76,2.42
441,Margate,GB,2021-04-01 04:30:24,51.3813,1.3862,48.99,75,25,5.99
442,Puerto Colombia,CO,2021-04-01 04:33:49,10.9878,-74.9547,78.8,78,0,13.8
443,Pemangkat,ID,2021-04-01 04:33:50,1.1667,108.9667,84.58,67,40,6.78
444,Sawakin,SD,2021-04-01 04:33:50,19.1059,37.3321,74.43,67,69,11.54
445,Santarem,BR,2021-04-01 04:33:50,-2.4431,-54.7083,72.86,97,100,2.17
446,Afsin,TR,2021-04-01 04:33:51,38.2477,36.914,41.81,77,47,0.94
447,Rogers,US,2021-04-01 04:33:51,36.3668,-95.5836,46.0,45,1,5.32
448,Mayor Pablo Lagerenza,PY,2021-04-01 04:33:51,-19.9309,-60.7718,74.1,58,100,4.63
449,Beitbridge,ZW,2021-04-01 04:33:52,-22.2167,30.0,70.45,54,56,2.28
450,Maceio,BR,2021-04-01 04:33:17,-9.6658,-35.7353,75.2,94,20,5.75
451,Lorengau,PG,2021-04-01 04:33:52,-2.0226,147.2712,83.59,72,75,2.86
452,Toktogul,KG,2021-04-01 04:33:52,41.8708,72.9402,40.73,75,88,5.12
453,Comodoro Rivadavia,AR,2021-04-01 04:30:03,-45.8667,-67.5,53.6,87,40,1.14
454,Pyapon,MM,2021-04-01 04:33:53,16.2833,95.6833,95.67,33,10,5.26
455,Dubai,AE,2021-04-01 04:33:33,25.2582,55.3047,73.4,68,0,4.61
456,Ojinaga,MX,2021-04-01 04:33:53,29.5667,-104.4167,62.6,22,1,13.8
457,Necochea,AR,2021-04-01 04:33:54,-38.5473,-58.7368,52.0,92,98,4.0
458,Hovd,MN,2021-04-01 04:33:54,48.0056,91.6419,32.74,32,84,8.08
459,Cayenne,GF,2021-04-01 04:30:59,4.9333,-52.3333,79.0,88,75,9.31
460,Berzasca,RO,2021-04-01 04:33:54,44.6476,21.9526,46.0,51,37,2.93
461,Simpang Empat,MY,2021-04-01 04:33:55,4.95,100.6333,89.6,70,20,6.91
462,Portland,US,2021-04-01 04:29:48,45.5234,-122.6762,57.0,47,1,1.54
463,Baruun-Urt,MN,2021-04-01 04:33:55,46.6806,113.2792,51.03,34,100,10.45
464,Swellendam,ZA,2021-04-01 04:33:55,-34.0226,20.4417,55.4,88,100,3.44
465,Antofagasta,CL,2021-04-01 04:33:56,-23.65,-70.4,59.0,82,0,3.44
466,Mount Gambier,AU,2021-04-01 04:33:56,-37.8333,140.7667,86.0,20,75,14.97
467,Zholymbet,KZ,2021-04-01 04:33:56,51.7433,71.7122,19.04,86,45,6.51
468,Winneba,GH,2021-04-01 04:33:57,5.3511,-0.6231,82.4,89,40,8.05
469,Sept-Iles,CA,2021-04-01 04:33:57,50.2001,-66.3821,37.4,87,90,6.91
470,Emerald,AU,2021-04-01 04:33:57,-23.5333,148.1667,86.0,30,0,14.97
471,Yumen,CN,2021-04-01 04:33:58,40.2833,97.2,41.86,44,100,4.94
472,Piopio,NZ,2021-04-01 04:33:58,-38.4667,175.0167,70.0,65,100,5.99
473,Price,US,2021-04-01 04:29:01,39.5994,-110.8107,35.6,32,1,9.22
474,Kindu,CD,2021-04-01 04:33:58,-2.95,25.95,69.22,99,100,0.49
475,Lusambo,CD,2021-04-01 04:33:59,-4.9667,23.45,69.53,99,99,2.04
476,Kulhudhuffushi,MV,2021-04-01 04:33:59,6.6221,73.07,84.9,70,7,11.88
477,Durban,ZA,2021-04-01 04:33:59,-29.8579,31.0292,71.01,78,75,6.91
478,Bykovo,RU,2021-04-01 04:34:00,55.6361,38.0803,41.0,100,90,4.47
479,Khandyga,RU,2021-04-01 04:34:00,62.6667,135.6,26.29,81,100,4.83
480,Ulladulla,AU,2021-04-01 04:34:00,-35.35,150.4667,78.8,44,20,4.61
481,Shivrajpur,IN,2021-04-01 04:34:01,22.4167,73.65,82.4,65,0,3.44
482,Fairbanks,US,2021-04-01 04:30:11,64.8378,-147.7164,21.0,86,90,17.27
483,Ponta Delgada,PT,2021-04-01 04:34:01,37.7333,-25.6667,57.2,82,20,3.44
484,Oistins,BB,2021-04-01 04:34:01,13.0667,-59.5333,75.2,69,75,13.8
485,Mahibadhoo,MV,2021-04-01 04:34:02,3.7833,72.9667,84.15,73,97,13.09
486,Narsaq,GL,2021-04-01 04:34:02,60.9167,-46.05,30.2,86,75,4.61
487,Maniitsoq,GL,2021-04-01 04:34:02,65.4167,-52.9,29.19,96,100,36.93
488,Marabba,SD,2021-04-01 04:34:03,12.35,32.1833,76.75,12,33,11.27
489,Bani Walid,LY,2021-04-01 04:34:03,31.7566,13.9942,50.49,87,0,0.36
490,Asfi,MA,2021-04-01 04:34:03,32.2994,-9.2372,60.85,87,0,10.02
491,Guilin,CN,2021-04-01 04:34:04,25.2819,110.2864,80.6,65,90,6.71
492,Vostok,RU,2021-04-01 04:34:04,46.4856,135.8833,40.06,66,25,8.03
493,Baillif,GP,2021-04-01 04:34:05,16.0202,-61.7463,75.2,78,0,8.05
494,Arequipa,PE,2021-04-01 04:29:24,-16.3989,-71.535,62.06,67,98,2.71
495,Acapulco,MX,2021-04-01 04:34:05,16.8634,-99.8901,79.65,61,29,3.98
496,Fremont,US,2021-04-01 04:34:01,37.5483,-121.9886,68.0,30,1,1.57
497,Tiarei,PF,2021-04-01 04:34:06,-17.5333,-149.3333,84.0,74,20,9.22
498,Xuddur,SO,2021-04-01 04:34:07,4.1213,43.8894,78.84,58,25,10.42
499,Miramar,US,2021-04-01 04:34:07,25.9873,-80.2323,77.0,78,1,3.44
500,Champerico,GT,2021-04-01 04:34:08,14.3,-91.9167,68.0,91,0,5.3
501,Key West,US,2021-04-01 04:31:21,24.5557,-81.7826,78.8,78,75,6.91
502,Luganville,VU,2021-04-01 04:34:08,-15.5333,167.1667,83.53,75,95,2.71
503,Goma,CD,2021-04-01 04:34:08,-1.6792,29.2228,62.01,88,71,2.08
504,Bandar-E Lengeh,IR,2021-04-01 04:34:09,26.5579,54.8807,69.8,100,0,6.55
505,Ponca City,US,2021-04-01 04:34:09,36.707,-97.0856,46.0,52,1,4.61
506,Muswellbrook,AU,2021-04-01 04:34:09,-32.2667,150.9,70.25,67,55,8.77
507,Ust-Shonosha,RU,2021-04-01 04:34:10,61.1531,41.343,33.3,87,100,8.97
508,Klaksvik,FO,2021-04-01 04:34:10,62.2266,-6.589,41.0,81,40,13.8
509,Los Llanos De Aridane,ES,2021-04-01 04:31:47,28.6585,-17.9182,64.4,68,0,5.75
510,Porosozero,RU,2021-04-01 04:34:10,62.7191,32.727,31.1,91,99,9.51
511,Wicklow,IE,2021-04-01 04:34:11,53.0,-6.4167,46.99,93,90,18.41
512,Den Helder,NL,2021-04-01 04:34:11,52.9599,4.7593,46.4,87,61,10.36
513,Batemans Bay,AU,2021-04-01 04:34:11,-35.7167,150.1833,75.0,69,4,8.99
514,Nuuk,GL,2021-04-01 04:30:46,64.1835,-51.7216,30.2,86,75,47.18
515,Manta,EC,2021-04-01 04:34:12,-0.95,-80.7333,78.8,83,75,5.75
516,Teya,RU,2021-04-01 04:34:12,60.3778,92.6267,15.96,72,70,5.84
517,Launceston,AU,2021-04-01 04:34:12,-41.45,147.1667,73.4,46,100,18.41
518,Gallup,US,2021-04-01 04:34:13,35.5281,-108.7426,37.99,18,1,6.91
519,Yeppoon,AU,2021-04-01 04:34:13,-23.1333,150.7333,80.6,47,75,13.8
520,Lagos,NG,2021-04-01 04:30:05,6.5833,3.75,82.4,89,40,2.3
521,Hermiston,US,2021-04-01 04:34:13,45.8404,-119.2895,55.99,43,1,2.89
522,Tulun,RU,2021-04-01 04:34:14,54.5611,100.5792,28.0,67,55,12.03
523,Bereda,ES,2021-04-01 04:34:14,43.2686,-7.5406,69.8,32,0,9.22
524,Santiago,CL,2021-04-01 04:34:08,-33.4569,-70.6483,63.0,93,40,8.05
525,Vanimo,PG,2021-04-01 04:34:14,-2.6741,141.3028,85.64,64,66,6.4
526,Rundu,NA,2021-04-01 04:34:15,-17.9333,19.7667,64.36,68,94,4.56
527,Noumea,NC,2021-04-01 04:30:20,-22.2763,166.4572,82.0,61,0,17.27
528,Garmsar,IR,2021-04-01 04:34:15,35.2182,52.3409,65.16,18,75,8.48
529,Roald,NO,2021-04-01 04:34:15,62.5833,6.1333,37.4,75,75,8.05
530,Camocim,BR,2021-04-01 04:34:16,-2.9022,-40.8411,75.65,92,99,7.99
531,Atambua,ID,2021-04-01 04:29:47,-9.1061,124.8925,76.01,90,100,4.72
532,Ostersund,SE,2021-04-01 04:34:16,63.1792,14.6357,32.0,93,0,16.11
533,Turayf,SA,2021-04-01 04:34:17,31.6725,38.6637,46.4,76,0,4.61
534,Surgut,RU,2021-04-01 04:34:17,61.25,73.4167,35.6,55,0,11.18
535,Axim,GH,2021-04-01 04:34:17,4.8699,-2.2405,78.48,88,15,6.42
536,Fredericksburg,US,2021-04-01 04:31:22,38.3032,-77.4605,59.0,94,90,18.41
537,Hualmay,PE,2021-04-01 04:30:13,-11.0964,-77.6139,68.23,89,21,6.82
538,Atar,MR,2021-04-01 04:34:18,20.5169,-13.0499,78.85,21,90,9.69
539,Maragogi,BR,2021-04-01 04:34:18,-9.0122,-35.2225,77.31,85,95,6.06
540,Ouadda,CF,2021-04-01 04:34:18,8.0777,22.4007,71.67,26,32,4.36
541,Tamworth,GB,2021-04-01 04:34:19,52.634,-1.6959,46.0,90,65,11.01
542,Lasa,IT,2021-04-01 04:34:19,46.6166,10.7002,48.99,61,8,3.78
543,Hanmer Springs,NZ,2021-04-01 04:34:19,-42.5167,172.8167,58.77,39,3,1.61
544,Yaan,NG,2021-04-01 04:34:19,7.3833,8.5667,76.48,83,100,5.57
545,Ekibastuz,KZ,2021-04-01 04:32:12,51.6667,75.3667,27.73,76,12,3.47
546,Khorixas,NA,2021-04-01 04:34:20,-20.3667,14.9667,69.75,71,98,9.19
547,Fort Smith,US,2021-04-01 04:34:20,35.3859,-94.3986,48.2,40,1,6.91
548,Severnyy,RU,2021-04-01 04:34:20,50.677,36.5532,42.8,70,0,6.71
549,Hobyo,SO,2021-04-01 04:34:21,5.3505,48.5268,82.4,67,68,7.76
550,Chernyshevskiy,RU,2021-04-01 04:34:21,63.0128,112.4714,8.8,77,95,9.19
551,Playas,EC,2021-04-01 04:34:22,-2.6333,-80.3833,74.46,81,39,7.36
552,Vestmannaeyjar,IS,2021-04-01 04:34:22,63.4427,-20.2734,42.4,81,92,17.96
553,Benton Harbor,US,2021-04-01 04:34:22,42.1167,-86.4542,35.01,51,90,8.05
554,Hernani,ES,2021-04-01 04:34:22,43.2662,-1.9762,73.4,21,0,11.5
555,Charters Towers,AU,2021-04-01 04:34:23,-20.1,146.2667,86.49,31,23,15.82
556,Bansi,IN,2021-04-01 04:34:23,27.1833,82.9333,91.17,10,0,3.85
557,Malangali,TZ,2021-04-01 04:34:23,-8.5667,34.85,63.84,88,62,8.41
558,Hobe Sound,US,2021-04-01 04:34:24,27.0595,-80.1364,75.2,73,75,5.75
559,Bahir Dar,ET,2021-04-01 04:34:24,11.5936,37.3908,69.66,58,65,5.12
560,Sladkovo,RU,2021-04-01 04:30:48,55.5284,70.3385,24.33,89,75,15.73
561,Tilichiki,RU,2021-04-01 04:34:25,60.4667,166.1,29.46,90,100,3.67
562,Nalut,LY,2021-04-01 04:30:18,30.3333,10.85,54.21,41,0,10.22
563,Surin,TH,2021-04-01 04:34:26,14.8818,103.4936,96.01,38,0,6.91
