City_ID,City,Country,Date,Lat,Lng,Max Temp,Humidity,Cloudiness,Wind Speed,Description
0,Leningradskiy,RU,2021-04-04 04:53:47,69.3833,178.4167,-0.17,94,100,7.31,overcast clouds
1,Puerto Ayora,EC,2021-04-04 04:53:47,-0.7393,-90.3518,75.99,95,68,1.99,broken clouds
2,Goderich,CA,2021-04-04 04:53:47,43.7501,-81.7165,41.0,56,3,6.91,clear sky
3,Bokovskaya,RU,2021-04-04 04:53:48,49.229,41.8306,38.93,70,89,8.66,overcast clouds
4,Punta Arenas,CL,2021-04-04 04:53:35,-53.15,-70.9167,39.2,70,0,11.5,clear sky
5,El Alto,PE,2021-04-04 04:53:48,-4.2714,-81.2147,70.83,83,94,7.47,light rain
6,Victoria,HK,2021-04-04 04:52:53,22.2855,114.1577,80.01,85,29,1.01,scattered clouds
7,Ushuaia,AR,2021-04-04 04:42:06,-54.8,-68.3,35.6,75,40,4.61,scattered clouds
8,Dubbo,AU,2021-04-04 04:53:49,-32.25,148.6167,80.6,41,40,4.61,scattered clouds
9,Jamestown,US,2021-04-04 04:44:12,42.097,-79.2353,46.0,36,90,9.22,overcast clouds
10,East London,ZA,2021-04-04 04:42:19,-33.0153,27.9116,60.6,77,1,7.38,clear sky
11,Codrington,AU,2021-04-04 04:47:59,-38.2667,141.9667,64.74,65,27,13.09,scattered clouds
12,Half Moon Bay,US,2021-04-04 04:44:14,37.4636,-122.4286,51.8,81,1,3.44,clear sky
13,Osa,RU,2021-04-04 04:53:50,57.2829,55.4567,33.93,96,100,5.77,snow
14,Hervey Bay,AU,2021-04-04 04:53:50,-25.2986,152.8535,72.0,95,100,5.99,light rain
15,Copiapo,CL,2021-04-04 04:53:51,-27.3667,-70.3333,60.8,77,90,9.22,overcast clouds
16,Hobart,AU,2021-04-04 04:42:50,-42.8794,147.3294,68.0,32,40,18.41,scattered clouds
17,Zhigansk,RU,2021-04-04 04:48:02,66.7697,123.3711,-2.97,82,100,5.68,overcast clouds
18,Cherskiy,RU,2021-04-04 04:47:06,68.75,161.3,4.03,83,34,1.45,scattered clouds
19,Ewo,CG,2021-04-04 04:53:51,-0.8725,14.8206,71.87,88,100,2.77,overcast clouds
20,Otjiwarongo,NA,2021-04-04 04:53:52,-20.4637,16.6477,63.61,52,0,8.95,clear sky
21,Rikitea,PF,2021-04-04 04:53:52,-23.1203,-134.9692,78.06,57,22,21.61,few clouds
22,Mataura,NZ,2021-04-04 04:47:14,-46.1927,168.8643,60.01,77,75,21.0,broken clouds
23,Hermanus,ZA,2021-04-04 04:47:01,-34.4187,19.2345,61.0,93,1,5.03,clear sky
24,Whitehorse,CA,2021-04-04 04:53:53,60.7161,-135.0538,30.2,34,20,2.3,few clouds
25,Albany,US,2021-04-04 04:42:53,42.6001,-73.9662,36.0,35,65,3.27,broken clouds
26,Marienburg,PL,2021-04-04 04:53:53,54.0359,19.0266,33.01,91,30,5.55,scattered clouds
27,Qaanaaq,GL,2021-04-04 04:47:10,77.484,-69.3632,-21.26,72,15,9.6,few clouds
28,Busselton,AU,2021-04-04 04:53:54,-33.65,115.3333,79.88,46,97,17.38,overcast clouds
29,Sioux Lookout,CA,2021-04-04 04:47:41,50.1001,-91.917,37.4,56,75,2.01,broken clouds
30,Japura,ID,2021-04-04 04:53:54,-0.3167,102.35,86.83,60,100,5.46,overcast clouds
31,Verkhnyaya Inta,RU,2021-04-04 04:53:54,65.9811,60.3094,24.24,88,85,7.47,overcast clouds
32,Moss Point,US,2021-04-04 04:53:55,30.4116,-88.5345,48.99,93,1,3.29,clear sky
33,Upernavik,GL,2021-04-04 04:47:22,72.7868,-56.1549,-23.57,90,10,6.38,clear sky
34,Coihaique,CL,2021-04-04 04:53:55,-45.5752,-72.0662,49.89,88,100,4.14,overcast clouds
35,Fort Saint James,CA,2021-04-04 04:53:55,54.4333,-124.25,32.23,96,100,0.72,light snow
36,Vetralla,IT,2021-04-04 04:53:56,42.3098,12.0784,48.0,58,77,1.99,broken clouds
37,Vaini,TO,2021-04-04 04:53:56,-21.2,-175.2,77.0,88,75,4.61,broken clouds
38,Nanortalik,GL,2021-04-04 04:48:19,60.1432,-45.2371,35.06,89,100,11.41,overcast clouds
39,Chipping Sodbury,GB,2021-04-04 04:53:57,51.5381,-2.3938,36.0,89,19,0.13,few clouds
40,Tiksi,RU,2021-04-04 04:47:05,71.6872,128.8694,-8.01,96,100,7.61,overcast clouds
41,Novo Horizonte,BR,2021-04-04 04:49:02,-21.4681,-49.2208,63.43,86,85,8.59,overcast clouds
42,Byron Bay,AU,2021-04-04 04:53:57,-28.65,153.6167,71.6,88,75,5.75,light rain
43,Port Lincoln,AU,2021-04-04 04:53:57,-34.7333,135.8667,73.29,63,4,13.09,clear sky
44,Hasaki,JP,2021-04-04 04:44:54,35.7333,140.8333,72.0,56,75,16.11,broken clouds
45,Castro,BR,2021-04-04 04:47:13,-24.7911,-50.0119,56.19,96,60,5.37,broken clouds
46,Vardo,NO,2021-04-04 04:53:58,70.3705,31.1107,33.93,77,100,5.75,light snow
47,Carnarvon,AU,2021-04-04 04:48:05,-24.8667,113.6333,84.2,61,0,18.41,clear sky
48,Muzhi,RU,2021-04-04 04:53:59,65.3667,64.6667,23.81,94,100,6.44,overcast clouds
49,Katsuura,JP,2021-04-04 04:47:16,35.1333,140.3,70.0,73,75,23.02,broken clouds
50,Saskylakh,RU,2021-04-04 04:53:38,71.9167,114.0833,-6.68,91,16,2.68,few clouds
51,Shingu,JP,2021-04-04 04:53:59,33.7333,135.9833,66.2,94,75,6.91,broken clouds
52,Coquimbo,CL,2021-04-04 04:43:16,-29.9533,-71.3436,57.2,94,90,5.75,overcast clouds
53,San Matias,BO,2021-04-04 04:54:00,-16.3667,-58.4,76.53,72,100,1.19,moderate rain
54,Ingham,US,2021-04-04 04:54:00,42.6,-84.3833,43.0,70,1,4.61,clear sky
55,Snasa,NO,2021-04-04 04:54:00,64.2457,12.3778,39.34,97,100,19.06,light rain
56,Ozernovskiy,RU,2021-04-04 04:54:01,51.5,156.5167,31.87,86,96,27.27,overcast clouds
57,Yellowknife,CA,2021-04-04 04:43:04,62.456,-114.3525,10.4,56,75,12.66,broken clouds
58,Skjervoy,NO,2021-04-04 04:54:01,70.0311,20.9714,32.16,92,100,13.89,light snow
59,Isangel,VU,2021-04-04 04:48:04,-19.55,169.2667,79.07,81,99,19.44,overcast clouds
60,Kemijarvi,FI,2021-04-04 04:54:02,66.7131,27.4306,31.75,96,100,8.08,overcast clouds
61,Cidreira,BR,2021-04-04 04:47:04,-30.1811,-50.2056,71.47,79,46,15.46,scattered clouds
62,San Patricio,US,2021-04-04 04:47:44,28.017,-97.5169,68.0,73,75,4.61,broken clouds
63,Seoul,KR,2021-04-04 04:49:28,37.5683,126.9778,59.0,55,40,4.61,scattered clouds
64,Cap Malheureux,MU,2021-04-04 04:54:02,-19.9842,57.6142,84.0,72,12,5.99,few clouds
65,Avarua,CK,2021-04-04 04:46:58,-21.2078,-159.775,80.6,83,20,11.5,few clouds
66,Tashtyp,RU,2021-04-04 04:54:03,52.7939,89.8983,44.1,49,24,0.81,few clouds
67,Atuona,PF,2021-04-04 04:47:11,-9.8,-139.0333,80.78,75,100,13.69,overcast clouds
68,Matadi,CD,2021-04-04 04:54:03,-5.8167,13.45,75.51,97,100,0.74,overcast clouds
69,Kenai,US,2021-04-04 04:54:04,60.5544,-151.2583,39.2,80,40,3.44,scattered clouds
70,Severo-Kurilsk,RU,2021-04-04 04:47:12,50.6789,156.125,33.06,80,66,22.46,broken clouds
71,Kavaratti,IN,2021-04-04 04:54:04,10.5669,72.642,82.49,66,37,10.16,scattered clouds
72,Emba,KZ,2021-04-04 04:54:04,48.8264,58.1442,34.48,97,100,10.74,overcast clouds
73,Laramie,US,2021-04-04 04:54:05,41.3114,-105.5911,42.01,42,1,9.22,clear sky
74,Swan River,CA,2021-04-04 04:54:05,52.1058,-101.2676,35.6,69,90,2.26,overcast clouds
75,Bushehr,IR,2021-04-04 04:54:05,28.9684,50.8385,66.2,59,75,18.41,broken clouds
76,Sao Domingos,BR,2021-04-04 04:54:06,-13.3983,-46.3183,73.13,70,32,1.97,scattered clouds
77,Estelle,US,2021-04-04 04:54:06,29.8458,-90.1067,60.8,63,1,5.75,clear sky
78,Ribeira Grande,PT,2021-04-04 04:47:07,38.5167,-28.7,58.15,89,100,31.05,overcast clouds
79,Tuktoyaktuk,CA,2021-04-04 04:47:57,69.4541,-133.0374,-14.8,76,20,6.91,few clouds
80,Clyde River,CA,2021-04-04 04:47:56,70.4692,-68.5914,-14.8,84,75,12.66,light snow
81,Jefferson City,US,2021-04-04 04:49:54,38.5767,-92.1735,57.2,47,1,7.16,clear sky
82,Hithadhoo,MV,2021-04-04 04:54:07,-0.6,73.0833,83.79,74,79,15.59,broken clouds
83,Chuy,UY,2021-04-04 04:48:11,-33.6971,-53.4616,63.99,91,1,5.93,clear sky
84,Maragogi,BR,2021-04-04 04:54:07,-9.0122,-35.2225,76.89,87,31,5.82,scattered clouds
85,Bredasdorp,ZA,2021-04-04 04:46:59,-34.5322,20.0403,50.0,87,0,1.14,clear sky
86,Cayenne,GF,2021-04-04 04:47:52,4.9333,-52.3333,80.01,94,75,10.13,broken clouds
87,Patiya,BD,2021-04-04 04:54:08,22.2931,91.9762,87.8,62,90,7.56,haze
88,Suraabad,AZ,2021-04-04 04:54:08,40.8192,49.4687,53.6,82,40,9.22,scattered clouds
89,Puerto Del Rosario,ES,2021-04-04 04:54:08,28.5004,-13.8627,64.4,59,90,8.05,overcast clouds
90,Tobolsk,RU,2021-04-04 04:54:09,58.2,68.2667,37.06,74,100,11.52,overcast clouds
91,Pontes E Lacerda,BR,2021-04-04 04:54:10,-15.2261,-59.3353,72.84,93,100,0.92,moderate rain
92,Dunedin,NZ,2021-04-04 04:54:10,-45.8742,170.5036,63.0,72,16,14.0,few clouds
93,Teguldet,RU,2021-04-04 04:54:10,57.3064,88.1667,33.51,99,100,5.73,overcast clouds
94,Kapaa,US,2021-04-04 04:43:24,22.0752,-159.319,75.2,69,75,17.27,light rain
95,Okhotsk,RU,2021-04-04 04:54:11,59.3833,143.3,29.03,62,100,9.89,overcast clouds
96,Altay,CN,2021-04-04 04:54:11,47.8667,88.1167,47.32,48,31,1.48,scattered clouds
97,Dikson,RU,2021-04-04 04:41:59,73.5069,80.5464,-3.59,72,98,4.5,overcast clouds
98,Bijar,IR,2021-04-04 04:54:11,35.8668,47.6051,37.83,59,4,5.59,clear sky
99,Zhangye,CN,2021-04-04 04:54:12,38.9342,100.4517,52.0,29,37,4.14,scattered clouds
100,Sao Filipe,CV,2021-04-04 04:47:30,14.8961,-24.4956,72.93,74,99,10.67,overcast clouds
101,Yar-Sale,RU,2021-04-04 04:54:12,66.8333,70.8333,23.94,96,100,2.64,overcast clouds
102,Thompson,CA,2021-04-04 04:47:24,55.7435,-97.8558,30.2,55,1,4.61,clear sky
103,Innisfail,AU,2021-04-04 04:54:13,-17.5333,146.0333,73.96,95,100,2.91,light rain
104,Esperance,AU,2021-04-04 04:42:47,-33.8667,121.9,78.8,47,37,16.11,scattered clouds
105,Morant Bay,JM,2021-04-04 04:54:13,17.8815,-76.4093,78.01,88,75,4.61,broken clouds
106,Sorong,ID,2021-04-04 04:54:14,-0.8833,131.25,84.63,71,88,6.85,overcast clouds
107,Constitucion,CL,2021-04-04 04:47:37,-35.3333,-72.4167,55.65,72,0,3.85,clear sky
108,Port Alfred,ZA,2021-04-04 04:47:09,-33.5906,26.891,61.23,76,0,6.93,clear sky
109,Sakakah,SA,2021-04-04 04:54:14,29.9697,40.2064,50.0,32,0,4.61,clear sky
110,Marawi,PH,2021-04-04 04:54:15,7.9986,124.2928,81.93,60,88,8.9,overcast clouds
111,Uspenka,UA,2021-04-04 04:54:15,48.3903,39.1619,40.51,78,81,3.2,broken clouds
112,Najran,SA,2021-04-04 04:47:22,17.4924,44.1277,66.2,30,46,6.91,dust
113,West Odessa,US,2021-04-04 04:54:15,31.8424,-102.4988,57.2,77,90,18.41,overcast clouds
114,Kysyl-Syr,RU,2021-04-04 04:54:16,63.8986,122.7617,5.38,78,98,4.09,overcast clouds
115,Khatanga,RU,2021-04-04 04:47:45,71.9667,102.5,1.0,77,7,9.01,clear sky
116,Port Elizabeth,ZA,2021-04-04 04:43:53,-33.918,25.5701,55.4,94,0,4.61,clear sky
117,Souillac,MU,2021-04-04 04:45:16,-20.5167,57.5167,80.6,83,75,9.22,broken clouds
118,Matagami,CA,2021-04-04 04:54:17,49.7502,-77.6328,32.0,100,90,2.3,light snow
119,Pevek,RU,2021-04-04 04:47:35,69.7008,170.3133,-9.13,96,97,5.86,overcast clouds
120,Petersberg,DE,2021-04-04 04:54:17,50.5619,9.7131,36.0,90,75,1.01,broken clouds
121,Batobalani,PH,2021-04-04 04:54:17,14.2366,122.7434,86.11,60,11,9.66,few clouds
122,Guerrero Negro,MX,2021-04-04 04:46:13,27.9769,-114.0611,60.17,83,0,12.55,clear sky
123,Siuna,NI,2021-04-04 04:54:18,13.7332,-84.7773,68.36,95,6,4.05,clear sky
124,Arraial Do Cabo,BR,2021-04-04 04:47:55,-22.9661,-42.0278,73.94,80,34,7.63,scattered clouds
125,Ponta Do Sol,PT,2021-04-04 04:47:02,32.6667,-17.1,59.0,67,40,4.61,scattered clouds
126,Georgetown,MY,2021-04-04 04:47:19,5.4112,100.3354,89.01,70,20,3.44,light rain
127,Bluff,NZ,2021-04-04 04:47:12,-46.6,168.3333,60.01,77,35,21.0,scattered clouds
128,Zabol,AF,2021-04-04 04:54:19,32.25,67.25,68.52,23,71,6.11,broken clouds
129,Grootfontein,NA,2021-04-04 04:54:19,-19.5667,18.1167,57.2,88,0,3.44,clear sky
130,Sitka,US,2021-04-04 04:47:04,57.0531,-135.33,37.4,75,90,4.61,overcast clouds
131,New Norfolk,AU,2021-04-04 04:46:59,-42.7826,147.0587,66.99,45,58,11.99,broken clouds
132,Mandiana,GN,2021-04-04 04:54:20,10.6333,-8.6833,76.73,29,16,4.9,few clouds
133,Vila Franca Do Campo,PT,2021-04-04 04:54:20,37.7167,-25.4333,60.8,88,75,21.85,broken clouds
134,Villa Altagracia,DO,2021-04-04 04:54:20,18.673,-70.171,77.0,79,77,3.0,broken clouds
135,Flinders,AU,2021-04-04 04:47:36,-34.5833,150.8552,80.01,67,18,7.0,few clouds
136,Cape Town,ZA,2021-04-04 04:47:07,-33.9258,18.4232,66.0,94,75,3.44,broken clouds
137,Swan Hill,AU,2021-04-04 04:54:21,-35.3378,143.5544,91.22,17,0,4.07,clear sky
138,Ndola,ZM,2021-04-04 04:54:03,-12.9587,28.6366,60.66,93,22,3.04,few clouds
139,Sirnak,TR,2021-04-04 04:54:22,37.5228,42.4594,44.46,55,7,3.0,clear sky
140,Butaritari,KI,2021-04-04 04:47:33,3.0707,172.7902,82.29,78,20,13.22,light rain
141,Kupang,ID,2021-04-04 04:54:22,-10.1667,123.5833,75.2,100,90,14.97,heavy intensity rain
142,Netishyn,UA,2021-04-04 04:54:22,50.34,26.6417,32.0,93,0,6.71,clear sky
143,Kaitangata,NZ,2021-04-04 04:47:15,-46.2817,169.8464,63.0,61,37,23.0,scattered clouds
144,Hoquiam,US,2021-04-04 04:54:23,46.9809,-123.8893,48.99,93,90,10.36,overcast clouds
145,Tara,RU,2021-04-04 04:54:23,56.8944,74.371,31.37,87,100,10.29,overcast clouds
146,Poso,ID,2021-04-04 04:54:23,-1.3959,120.7524,88.56,61,30,5.46,scattered clouds
147,Caramay,PH,2021-04-04 04:54:24,10.1815,119.236,85.98,64,97,10.29,overcast clouds
148,Bethel,US,2021-04-04 04:48:16,41.3712,-73.414,35.01,59,1,4.61,clear sky
149,Novyy Buh,UA,2021-04-04 04:54:24,47.6931,32.5216,39.2,87,90,4.47,overcast clouds
150,Barrow,US,2021-04-04 04:47:25,71.2906,-156.7887,-9.4,70,1,8.05,clear sky
151,Gazanjyk,TM,2021-04-04 04:54:25,39.2446,55.5154,53.73,53,6,11.9,clear sky
152,Avera,US,2021-04-04 04:54:25,33.194,-82.5271,41.0,87,1,4.72,clear sky
153,Praia Da Vitoria,PT,2021-04-04 04:54:25,38.7333,-27.0667,59.0,100,75,26.6,broken clouds
154,Xinzhi,CN,2021-04-04 04:54:26,36.4989,111.7047,59.81,28,79,8.37,broken clouds
155,Muslyumovo,RU,2021-04-04 04:54:26,55.3033,53.1947,33.48,99,100,6.06,snow
156,Belyy Yar,RU,2021-04-04 04:54:26,53.6039,91.3903,48.2,23,0,2.24,clear sky
157,Emirdag,TR,2021-04-04 04:54:27,39.0197,31.15,45.46,73,15,7.78,few clouds
158,Maltahohe,NA,2021-04-04 04:54:27,-24.8333,16.9833,70.39,37,3,6.2,clear sky
159,Punta De Bombon,PE,2021-04-04 04:54:27,-17.1717,-71.7931,68.56,86,97,6.33,overcast clouds
160,Luganville,VU,2021-04-04 04:54:28,-15.5333,167.1667,82.71,81,90,10.31,overcast clouds
161,Kavieng,PG,2021-04-04 04:47:05,-2.5744,150.7967,83.07,74,100,6.78,moderate rain
162,Chokurdakh,RU,2021-04-04 04:47:26,70.6333,147.9167,-2.9,92,17,6.87,few clouds
163,Gornopravdinsk,RU,2021-04-04 04:54:28,60.05,69.9,35.55,88,100,8.88,overcast clouds
164,Ndago,TZ,2021-04-04 04:54:29,-4.6,34.35,63.34,86,61,6.24,broken clouds
165,Mount Gambier,AU,2021-04-04 04:54:29,-37.8333,140.7667,68.0,60,4,18.41,clear sky
166,Jerusalem,IL,2021-04-04 04:50:12,31.769,35.2163,46.99,92,0,1.88,clear sky
167,Fairbanks,US,2021-04-04 04:53:21,64.8378,-147.7164,30.0,100,90,5.75,mist
168,Romitan,UZ,2021-04-04 04:54:30,39.9343,64.3814,53.6,87,75,11.5,light rain
169,Ananas,HT,2021-04-04 04:54:30,19.2466,-71.9557,66.02,95,39,4.09,scattered clouds
170,Kodiak,US,2021-04-04 04:47:29,57.79,-152.4072,44.6,65,1,0.65,clear sky
171,Kahului,US,2021-04-04 04:45:39,20.8947,-156.47,73.4,83,40,17.27,light rain
172,Ballitoville,ZA,2021-04-04 04:54:31,-29.539,31.2144,64.99,94,0,3.44,clear sky
173,Cao Bang,VN,2021-04-04 04:54:31,22.6667,106.25,72.99,91,97,4.23,overcast clouds
174,Cabo San Lucas,MX,2021-04-04 04:46:54,22.8909,-109.9124,72.0,56,87,7.47,overcast clouds
175,Geraldton,AU,2021-04-04 04:47:39,-28.7667,114.6,89.6,35,22,14.97,few clouds
176,Los Llanos De Aridane,ES,2021-04-04 04:47:47,28.6585,-17.9182,64.4,68,75,6.91,broken clouds
177,Saint George,US,2021-04-04 04:47:39,37.1041,-113.5841,70.0,16,1,4.61,clear sky
178,Morondava,MG,2021-04-04 04:54:32,-20.2833,44.2833,77.14,75,0,4.92,clear sky
179,Nome,US,2021-04-04 04:53:45,64.5011,-165.4064,21.2,93,90,4.61,snow
180,Eureka,US,2021-04-04 04:54:33,40.8021,-124.1637,50.0,80,100,4.0,overcast clouds
181,Tasiilaq,GL,2021-04-04 04:48:02,65.6145,-37.6368,15.8,48,1,6.91,clear sky
182,Chabahar,IR,2021-04-04 04:54:33,25.2919,60.643,84.27,53,3,1.34,clear sky
183,Hovd,MN,2021-04-04 04:54:33,48.0056,91.6419,40.26,18,2,5.48,clear sky
184,Airai,TL,2021-04-04 04:47:34,-8.9266,125.4092,61.54,94,100,6.89,overcast clouds
185,San Quintin,MX,2021-04-04 04:54:34,30.4833,-115.95,59.14,83,12,11.74,few clouds
186,Sangolqui,EC,2021-04-04 04:54:34,-0.3341,-78.4522,57.2,94,90,3.44,mist
187,Vostok,RU,2021-04-04 04:54:35,46.4856,135.8833,37.17,37,90,10.56,overcast clouds
188,Mount Pleasant,US,2021-04-04 04:53:42,32.7941,-79.8626,44.01,100,1,4.72,clear sky
189,Provideniya,RU,2021-04-04 04:47:51,64.3833,-173.3,7.75,88,100,3.0,overcast clouds
190,Saint-Leu,RE,2021-04-04 04:54:35,-21.15,55.2833,86.0,54,0,3.44,clear sky
191,Namibe,AO,2021-04-04 04:43:52,-15.1961,12.1522,76.69,83,64,4.18,broken clouds
192,Russkaya Polyana,UA,2021-04-04 04:54:36,49.417,31.9201,42.06,64,100,3.24,overcast clouds
193,Filingue,NE,2021-04-04 04:54:36,14.3521,3.3168,72.72,10,0,8.61,clear sky
194,Klaksvik,FO,2021-04-04 04:48:06,62.2266,-6.589,44.6,93,90,28.77,light intensity drizzle
195,Eldorado,BR,2021-04-04 04:54:36,-23.7869,-54.2836,68.47,73,74,4.83,broken clouds
196,Preobrazheniye,RU,2021-04-04 04:54:37,42.9019,133.9064,45.63,36,42,2.26,scattered clouds
197,Kirakira,SB,2021-04-04 04:48:18,-10.4544,161.9205,85.5,74,73,9.91,broken clouds
198,Rawson,AR,2021-04-04 04:54:37,-43.3002,-65.1023,66.67,52,30,4.03,scattered clouds
199,Beisfjord,NO,2021-04-04 04:54:37,68.3751,17.5988,32.0,100,90,2.3,snow
200,Naze,JP,2021-04-04 04:54:38,28.3667,129.4833,71.6,88,75,13.8,broken clouds
201,Liverpool,GB,2021-04-04 04:54:38,53.4106,-2.9779,41.0,93,55,2.3,haze
202,Brae,GB,2021-04-04 04:54:39,60.3964,-1.353,44.6,93,90,31.07,overcast clouds
203,San Carlos De Bariloche,AR,2021-04-04 04:50:26,-41.1456,-71.3082,51.01,46,0,5.75,clear sky
204,Sembe,CG,2021-04-04 04:54:39,1.6481,14.5806,69.57,98,83,0.45,broken clouds
205,Rudnogorsk,RU,2021-04-04 04:54:40,57.2639,103.7519,34.72,73,99,12.68,light snow
206,Katsuyama,JP,2021-04-04 04:54:40,36.0617,136.501,62.6,82,90,5.75,moderate rain
207,Padang,ID,2021-04-04 04:47:21,-0.9492,100.3543,84.2,65,75,1.14,moderate rain
208,Hamilton,US,2021-04-04 04:54:40,39.1834,-84.5333,51.8,43,1,5.75,clear sky
209,Saldanha,ZA,2021-04-04 04:54:41,-33.0117,17.9442,64.4,88,0,6.91,clear sky
210,Lima,PE,2021-04-04 04:54:41,-12.0432,-77.0282,72.0,73,0,4.61,clear sky
211,Salalah,OM,2021-04-04 04:47:56,17.0151,54.0924,78.8,61,0,2.3,clear sky
212,Acarau,BR,2021-04-04 04:54:42,-2.8856,-40.12,77.94,85,65,11.18,broken clouds
213,Cockburn Town,TC,2021-04-04 04:53:38,21.4612,-71.1419,75.78,76,79,27.25,broken clouds
214,Port Augusta,AU,2021-04-04 04:54:42,-32.5,137.7667,82.4,44,0,11.5,clear sky
215,Lompoc,US,2021-04-04 04:48:24,34.6391,-120.4579,50.0,81,15,8.48,few clouds
216,Yamada,JP,2021-04-04 04:54:42,39.4667,141.95,48.78,97,100,2.24,overcast clouds
217,Ust-Tsilma,RU,2021-04-04 04:54:43,65.441,52.1498,25.41,92,96,1.01,overcast clouds
218,Kulhudhuffushi,MV,2021-04-04 04:48:02,6.6221,73.07,84.16,63,4,11.03,clear sky
219,Talnakh,RU,2021-04-04 04:54:43,69.4865,88.3972,-0.4,72,7,11.21,clear sky
220,Middelburg,ZA,2021-04-04 04:54:44,-25.7751,29.4648,56.86,84,10,3.11,clear sky
221,Saint Anthony,US,2021-04-04 04:54:44,45.0205,-93.218,57.2,43,1,4.47,clear sky
222,Necochea,AR,2021-04-04 04:48:26,-38.5473,-58.7368,62.01,87,4,7.0,clear sky
223,Narrabri,AU,2021-04-04 04:54:44,-30.3167,149.7833,81.0,36,75,5.75,broken clouds
224,Kapit,MY,2021-04-04 04:47:43,2.0167,112.9333,96.39,40,45,1.79,scattered clouds
225,Odweyne,SO,2021-04-04 04:54:45,9.4092,45.064,76.75,24,80,6.89,broken clouds
226,Mayo,US,2021-04-04 04:43:45,38.8876,-76.5119,46.99,49,75,4.61,broken clouds
227,Bonavista,CA,2021-04-04 04:48:11,48.6499,-53.1147,37.4,93,17,6.91,few clouds
228,Brigantine,US,2021-04-04 04:54:46,39.4101,-74.3646,45.0,52,75,4.61,broken clouds
229,Krasnyy Chikoy,RU,2021-04-04 04:54:46,50.3643,108.7512,46.98,36,23,5.37,few clouds
230,Methven,NZ,2021-04-04 04:54:46,-43.6333,171.65,64.63,49,3,17.16,clear sky
231,Haimen,CN,2021-04-04 04:50:21,23.1935,116.6142,71.6,83,75,6.71,broken clouds
232,Bowen,AU,2021-04-04 04:48:07,-20.0167,148.2333,80.6,78,90,11.5,overcast clouds
233,Hirara,JP,2021-04-04 04:54:47,24.8,125.2833,71.6,83,75,13.8,broken clouds
234,Akyab,MM,2021-04-04 04:54:47,20.15,92.9,85.78,62,22,7.9,few clouds
235,Takoradi,GH,2021-04-04 04:48:22,4.8845,-1.7554,78.53,89,14,4.27,few clouds
236,Veraval,IN,2021-04-04 04:54:47,20.9,70.3667,84.69,55,6,7.36,clear sky
237,Chimbote,PE,2021-04-04 04:54:48,-9.0853,-78.5783,70.29,80,39,5.37,scattered clouds
238,Sterling,US,2021-04-04 04:51:43,39.0062,-77.4286,42.8,42,1,5.75,clear sky
239,Llanes,ES,2021-04-04 04:54:48,43.4198,-4.7549,48.0,87,50,1.01,scattered clouds
240,Anloga,GH,2021-04-04 04:54:49,5.7947,0.8973,82.4,83,40,6.91,scattered clouds
241,Bathsheba,BB,2021-04-04 04:47:54,13.2167,-59.5167,78.8,61,40,21.85,scattered clouds
242,Hami,CN,2021-04-04 04:54:50,42.8,93.45,63.16,10,100,14.76,overcast clouds
243,Porto Novo,BJ,2021-04-04 04:51:27,6.4965,2.6036,84.2,79,20,10.36,few clouds
244,Rocha,UY,2021-04-04 04:54:50,-34.4833,-54.3333,59.97,95,0,3.56,clear sky
245,Sabha,LY,2021-04-04 04:54:51,27.0377,14.4283,63.97,18,0,12.93,clear sky
246,Lundazi,ZM,2021-04-04 04:54:51,-12.2929,33.1782,64.22,94,77,6.46,broken clouds
247,Lagoa,PT,2021-04-04 04:54:51,39.05,-27.9833,60.03,88,96,33.08,overcast clouds
248,Sisimiut,GL,2021-04-04 04:54:52,66.9395,-53.6735,10.89,59,100,15.9,overcast clouds
249,Abilene,US,2021-04-04 04:54:52,32.4487,-99.7331,59.0,82,90,10.36,overcast clouds
250,Playas,EC,2021-04-04 04:54:52,-2.6333,-80.3833,75.79,85,80,7.52,light rain
251,Borogontsy,RU,2021-04-04 04:54:52,62.6683,131.1683,6.75,72,100,4.03,overcast clouds
252,Tuatapere,NZ,2021-04-04 04:47:27,-46.1333,167.6833,60.01,77,56,21.0,broken clouds
253,Bambanglipuro,ID,2021-04-04 04:54:53,-7.95,110.2833,85.24,71,69,7.83,broken clouds
254,Diksmuide,BE,2021-04-04 04:54:53,51.0333,2.8667,42.8,70,75,9.22,broken clouds
255,Santa Isabel,BR,2021-04-04 04:54:54,-23.3156,-46.2214,64.4,94,40,8.05,scattered clouds
256,Kidal,ML,2021-04-04 04:54:54,18.4411,1.4078,74.07,9,0,9.37,clear sky
257,Faanui,PF,2021-04-04 04:47:32,-16.4833,-151.75,82.81,70,13,6.69,few clouds
258,Meulaboh,ID,2021-04-04 04:43:16,4.1363,96.1285,84.51,65,100,2.15,overcast clouds
259,Norman Wells,CA,2021-04-04 04:47:06,65.282,-126.8329,8.6,61,75,4.61,broken clouds
260,Sept-Iles,CA,2021-04-04 04:54:55,50.2001,-66.3821,21.99,86,20,3.44,few clouds
261,Roald,NO,2021-04-04 04:47:07,62.5833,6.1333,43.0,87,90,29.93,light rain
262,Lipin Bor,RU,2021-04-04 04:54:55,60.2622,37.9763,27.34,92,71,5.01,broken clouds
263,Hommelvik,NO,2021-04-04 04:54:56,63.4108,10.7942,44.6,65,75,20.71,light rain
264,Hare Bay,CA,2021-04-04 04:54:56,48.8499,-54.0148,37.4,100,90,10.36,light intensity drizzle
265,Zhuanghe,CN,2021-04-04 04:54:56,39.7008,122.9911,55.58,23,1,16.28,clear sky
266,Lebu,CL,2021-04-04 04:42:56,-37.6167,-73.65,52.5,90,3,9.33,clear sky
267,Sentjur,SI,2021-04-04 04:54:57,46.2172,15.3975,36.0,91,8,1.88,clear sky
268,Corinto,GR,2021-04-04 04:54:57,37.9407,22.9573,57.0,61,15,4.99,few clouds
269,Luderitz,NA,2021-04-04 04:47:40,-26.6481,15.1594,68.47,57,3,15.48,clear sky
270,Vao,NC,2021-04-04 04:54:58,-22.6667,167.4833,76.26,68,61,24.07,broken clouds
271,Saint-Joseph,RE,2021-04-04 04:54:58,-21.3667,55.6167,86.0,54,0,3.44,clear sky
272,Torbay,CA,2021-04-04 04:54:58,47.6666,-52.7314,36.0,93,90,12.66,light intensity drizzle
273,Bengkulu,ID,2021-04-04 04:47:24,-3.8004,102.2655,81.18,69,94,21.25,heavy intensity rain
274,Solaro,IT,2021-04-04 04:54:59,44.8799,9.1732,46.0,89,8,6.08,clear sky
275,Mar Del Plata,AR,2021-04-04 04:42:52,-38.0023,-57.5575,64.99,94,0,11.16,clear sky
276,Chitral,PK,2021-04-04 04:54:59,35.8462,71.7858,53.96,60,93,1.54,overcast clouds
277,Garden City,US,2021-04-04 04:51:04,42.3256,-83.331,51.8,50,1,5.75,clear sky
278,Inta,RU,2021-04-04 04:55:00,66.0317,60.1659,23.5,90,88,8.23,overcast clouds
279,Birmitrapur,IN,2021-04-04 04:55:00,22.4,84.7667,96.6,24,1,7.0,clear sky
280,Cap-Aux-Meules,CA,2021-04-04 04:55:00,47.3821,-61.8597,32.0,100,100,2.3,snow
281,Provost,CA,2021-04-04 04:55:01,52.3501,-110.2683,44.6,57,98,10.36,overcast clouds
282,Ozubulu,NG,2021-04-04 04:55:03,5.9567,6.849,76.24,91,84,2.35,broken clouds
283,Tari,NG,2021-04-04 04:55:03,12.4086,4.4914,73.74,10,1,9.46,clear sky
284,Westport,US,2021-04-04 04:55:04,41.1415,-73.3579,39.2,65,1,4.0,clear sky
285,Ilo,PE,2021-04-04 04:55:04,-17.6394,-71.3375,68.61,84,100,6.31,overcast clouds
286,Canto Do Buriti,BR,2021-04-04 04:55:04,-8.11,-42.9444,75.74,68,62,2.64,broken clouds
287,Norrtalje,SE,2021-04-04 04:55:04,59.758,18.705,39.0,73,65,17.0,broken clouds
288,Asau,RO,2021-04-04 04:55:05,46.4333,26.4,39.0,64,96,3.22,overcast clouds
289,Nelson Bay,AU,2021-04-04 04:55:05,-32.7167,152.15,81.0,50,81,8.05,light rain
290,Moranbah,AU,2021-04-04 04:55:06,-22.0016,148.0466,78.24,65,100,17.16,light rain
291,Santa Rosa,PH,2021-04-04 04:55:06,14.3122,121.1114,88.0,62,75,5.75,broken clouds
292,Ternate,ID,2021-04-04 04:55:06,0.8,127.4,84.13,76,76,10.96,broken clouds
293,Aracati,BR,2021-04-04 04:55:07,-4.5617,-37.7697,76.33,90,76,8.3,broken clouds
294,Igrim,RU,2021-04-04 04:55:07,63.1906,64.4162,32.23,97,100,5.26,overcast clouds
295,Siniscola,IT,2021-04-04 04:55:07,40.5719,9.6922,57.2,100,75,1.14,broken clouds
296,Beringovskiy,RU,2021-04-04 04:55:08,63.05,179.3167,4.73,85,100,14.63,overcast clouds
297,Talaya,RU,2021-04-04 04:55:08,61.3833,152.75,10.94,69,100,9.6,overcast clouds
298,Along,IN,2021-04-04 04:55:08,28.1667,94.7667,87.57,27,59,1.25,broken clouds
299,Nemuro,JP,2021-04-04 04:55:08,43.3236,145.575,37.4,93,75,8.05,moderate rain
300,Bereda,ES,2021-04-04 04:55:09,43.2686,-7.5406,39.99,100,42,3.0,scattered clouds
301,Ahipara,NZ,2021-04-04 04:47:01,-35.1667,173.1667,65.79,68,0,6.69,clear sky
302,Kennett,US,2021-04-04 04:54:29,36.2362,-90.0556,51.8,62,1,5.75,clear sky
303,Zhezkazgan,KZ,2021-04-04 04:55:10,47.8043,67.7144,43.99,59,99,18.79,overcast clouds
304,Terney,RU,2021-04-04 04:54:24,45.0503,136.6092,43.84,42,100,15.35,overcast clouds
305,Robertsport,LR,2021-04-04 04:55:10,6.7533,-11.3686,78.84,88,6,4.74,clear sky
306,Jerantut,MY,2021-04-04 04:55:11,3.936,102.3626,91.22,56,66,1.45,moderate rain
307,Nantucket,US,2021-04-04 04:55:11,41.2835,-70.0995,41.47,57,0,14.25,clear sky
308,Great Yarmouth,GB,2021-04-04 04:55:11,52.6083,1.7305,41.0,75,90,4.61,overcast clouds
309,Longyearbyen,SJ,2021-04-04 04:55:12,78.2186,15.6401,24.8,80,90,33.38,snow
310,Roma,US,2021-04-04 04:55:12,43.2128,-75.4557,34.0,69,90,3.44,overcast clouds
311,Leh,IN,2021-04-04 04:47:47,34.1667,77.5833,31.03,25,3,0.94,clear sky
312,Grindavik,IS,2021-04-04 04:55:13,63.8424,-22.4338,28.4,54,75,26.46,broken clouds
313,Bambous Virieux,MU,2021-04-04 04:42:53,-20.3428,57.7575,84.99,83,75,9.22,broken clouds
314,Mantua,IT,2021-04-04 04:55:13,45.1667,10.7833,46.0,70,20,3.44,few clouds
315,Jijiga,ET,2021-04-04 04:55:13,9.35,42.8,71.37,26,18,3.74,few clouds
316,Shache,CN,2021-04-04 04:53:37,38.4167,77.2406,53.24,37,23,7.34,few clouds
317,Hilo,US,2021-04-04 04:43:27,19.7297,-155.09,69.8,88,90,3.44,moderate rain
318,Mitsamiouli,KM,2021-04-04 04:48:18,-11.3847,43.2844,83.19,72,96,7.63,overcast clouds
319,Kilindoni,TZ,2021-04-04 04:55:14,-7.9139,39.6668,80.38,81,98,13.47,moderate rain
320,Beloha,MG,2021-04-04 04:47:35,-25.1667,45.05,74.7,75,58,5.21,broken clouds
321,Umm Lajj,SA,2021-04-04 04:55:14,25.0213,37.2685,74.5,27,15,15.75,few clouds
322,Comodoro Rivadavia,AR,2021-04-04 04:55:15,-45.8667,-67.5,59.0,72,0,2.3,clear sky
323,San Rafael,AR,2021-04-04 04:55:15,-34.6177,-68.3301,67.42,61,0,8.25,clear sky
324,Touros,BR,2021-04-04 04:53:41,-5.1989,-35.4608,75.2,94,75,3.44,broken clouds
325,Ixtapa,MX,2021-04-04 04:55:16,20.7,-105.2,75.0,83,15,2.93,few clouds
326,San Policarpo,PH,2021-04-04 04:46:57,12.1791,125.5072,83.93,62,75,10.87,broken clouds
327,Vila Velha,BR,2021-04-04 04:46:56,-20.3297,-40.2925,71.6,88,0,2.3,clear sky
328,Premia De Mar,ES,2021-04-04 04:55:16,41.4921,2.3652,55.99,76,73,5.01,broken clouds
329,Gizo,SB,2021-04-04 04:55:01,-8.103,156.8419,84.94,69,69,2.66,moderate rain
330,Wanaka,NZ,2021-04-04 04:54:06,-44.7,169.15,59.85,74,23,12.64,few clouds
331,Lenine,UA,2021-04-04 04:55:17,45.2986,35.7771,46.63,85,92,12.41,overcast clouds
332,Moctezuma,MX,2021-04-04 04:55:17,29.8,-109.6667,72.99,15,0,1.83,clear sky
333,Sayyan,YE,2021-04-04 04:55:17,15.1718,44.3244,65.32,12,19,7.49,few clouds
334,Filadelfia,US,2021-04-04 04:53:36,39.9523,-75.1638,48.2,37,90,8.05,overcast clouds
335,Karlovac,HR,2021-04-04 04:55:18,45.4872,15.5478,33.01,94,9,0.56,clear sky
336,Kihei,US,2021-04-04 04:55:18,20.785,-156.4656,73.4,83,40,17.27,scattered clouds
337,Viljoenskroon,ZA,2021-04-04 04:55:19,-27.2084,26.9485,54.0,95,0,5.17,clear sky
338,Araguaina,BR,2021-04-04 04:55:19,-7.1911,-48.2072,75.79,79,61,2.19,broken clouds
339,Puerto Leguizamo,CO,2021-04-04 04:55:19,-0.1934,-74.7819,71.87,98,100,0.74,overcast clouds
340,Maceio,BR,2021-04-04 04:52:38,-9.6658,-35.7353,75.2,100,75,2.3,broken clouds
341,Areosa,PT,2021-04-04 04:55:20,41.7178,-8.8571,57.0,100,90,5.01,mist
342,El Dorado,US,2021-04-04 04:55:20,38.7666,-120.5177,52.0,77,97,1.01,overcast clouds
343,Skagen,DK,2021-04-04 04:55:20,57.7209,10.5839,39.99,91,32,14.0,scattered clouds
344,Matay,EG,2021-04-04 04:55:21,28.419,30.7792,59.85,37,0,6.13,clear sky
345,Medvezhyegorsk,RU,2021-04-04 04:55:21,62.9167,34.4667,29.39,91,62,6.87,broken clouds
346,Hermosillo,MX,2021-04-04 04:55:21,29.0667,-110.9667,80.6,13,1,4.61,clear sky
347,Manta,EC,2021-04-04 04:55:22,-0.95,-80.7333,78.8,89,90,6.08,overcast clouds
348,Lorengau,PG,2021-04-04 04:44:39,-2.0226,147.2712,81.66,82,81,10.8,broken clouds
349,Yulara,AU,2021-04-04 04:48:12,-25.2406,130.9889,87.8,19,0,10.36,clear sky
350,Melivoia,GR,2021-04-04 04:55:22,39.75,22.8,54.0,87,75,5.93,broken clouds
351,Pisco,PE,2021-04-04 04:55:23,-13.7,-76.2167,73.4,78,0,3.44,clear sky
352,College,US,2021-04-04 04:55:23,64.8569,-147.8028,28.99,86,90,3.27,heavy snow
353,Biltine,TD,2021-04-04 04:55:23,14.5333,20.9167,78.03,11,100,20.24,overcast clouds
354,Zapolyarnyy,RU,2021-04-04 04:55:24,69.4154,30.8136,30.2,100,100,4.61,light snow
355,Tortoli,IT,2021-04-04 04:55:24,39.9256,9.6572,59.0,94,40,25.32,scattered clouds
356,Tema,GH,2021-04-04 04:55:24,5.667,-0.0166,78.8,83,0,8.05,clear sky
357,Muisne,EC,2021-04-04 04:55:25,0.6,-80.0333,77.0,87,98,3.15,overcast clouds
358,Porto Nacional,BR,2021-04-04 04:51:14,-10.7081,-48.4172,75.2,94,20,4.61,few clouds
359,Villa San Giovanni,IT,2021-04-04 04:55:25,38.2276,15.6386,59.0,67,40,5.75,scattered clouds
360,Pinawa,CA,2021-04-04 04:55:26,50.1489,-95.8811,39.99,92,99,6.04,overcast clouds
361,Portland,US,2021-04-04 04:44:15,45.5234,-122.6762,57.0,54,97,3.36,overcast clouds
362,Mount Isa,AU,2021-04-04 04:47:31,-20.7333,139.5,87.8,27,40,13.8,scattered clouds
363,Gravelbourg,CA,2021-04-04 04:55:26,49.8834,-106.5512,35.6,55,80,8.05,broken clouds
364,Kruisfontein,ZA,2021-04-04 04:47:56,-34.0033,24.7314,61.47,41,0,6.58,clear sky
365,Hun,LY,2021-04-04 04:55:27,29.1268,15.9477,66.78,18,3,10.71,clear sky
366,Baloda Bazar,IN,2021-04-04 04:55:27,21.6667,82.1667,95.36,24,0,5.99,clear sky
367,Pemba,MZ,2021-04-04 04:55:27,-12.974,40.5178,75.2,94,40,6.91,light rain
368,Ostersund,SE,2021-04-04 04:55:28,63.1792,14.6357,39.2,70,90,19.57,overcast clouds
369,Eydhafushi,MV,2021-04-04 04:55:28,5.1033,73.0708,83.7,69,7,8.21,clear sky
370,Olafsvik,IS,2021-04-04 04:55:29,64.8945,-23.7142,24.53,66,78,26.66,light snow
371,Adrar,MR,2021-04-04 04:55:29,20.5022,-10.0711,75.2,23,67,9.24,broken clouds
372,Verkhoturye,RU,2021-04-04 04:55:29,58.8627,60.8054,35.01,93,100,6.15,overcast clouds
373,Itoman,JP,2021-04-04 04:55:30,26.1247,127.6694,71.6,83,75,20.71,broken clouds
374,Anadyr,RU,2021-04-04 04:55:30,64.75,177.4833,5.0,72,75,13.42,snow
375,Never,FR,2021-04-04 04:55:31,46.9896,3.159,33.01,79,1,6.15,clear sky
376,Kieta,PG,2021-04-04 04:47:37,-6.2167,155.6333,82.26,81,96,3.04,moderate rain
377,Barinas,VE,2021-04-04 04:55:31,8.6226,-70.2075,69.8,94,88,4.61,overcast clouds
378,Hambantota,LK,2021-04-04 04:55:32,6.1241,81.1185,86.0,66,0,6.91,clear sky
379,Danville,US,2021-04-04 04:54:03,36.586,-79.395,41.0,48,1,4.61,clear sky
380,Kismayo,SO,2021-04-04 04:55:32,-0.3582,42.5454,84.15,74,85,11.81,overcast clouds
381,Karratha,AU,2021-04-04 04:55:32,-20.7377,116.8463,95.99,23,79,14.45,broken clouds
382,Choix,MX,2021-04-04 04:55:33,26.7092,-108.3219,70.07,19,23,4.32,few clouds
383,Praia,CV,2021-04-04 04:55:33,14.9215,-23.5087,75.2,43,0,18.41,clear sky
384,Dukat,RU,2021-04-04 04:55:33,62.55,155.55,2.35,80,96,4.56,overcast clouds
385,Tura,IN,2021-04-04 04:47:08,25.5198,90.2201,93.81,10,0,6.22,clear sky
386,Athabasca,CA,2021-04-04 04:55:34,54.7169,-113.2854,41.0,60,100,2.3,light rain
387,Iracoubo,GF,2021-04-04 04:53:33,5.4802,-53.2011,76.82,90,99,12.28,moderate rain
388,Grand Gaube,MU,2021-04-04 04:55:08,-20.0064,57.6608,84.99,72,13,7.0,few clouds
389,Chicama,PE,2021-04-04 04:55:34,-7.8447,-79.1469,72.39,76,87,3.18,overcast clouds
390,Nishihara,JP,2021-04-04 04:55:35,26.1842,127.7558,71.6,83,90,19.57,drizzle
391,Rivarolo Canavese,IT,2021-04-04 04:55:35,45.3312,7.717,50.0,62,40,4.61,scattered clouds
392,Panaba,MX,2021-04-04 04:55:35,21.2833,-88.2667,69.75,74,12,8.39,few clouds
393,Hobyo,SO,2021-04-04 04:47:28,5.3505,48.5268,84.11,65,92,6.46,overcast clouds
394,Sivaki,RU,2021-04-04 04:55:36,52.6333,126.75,39.63,47,90,4.29,overcast clouds
395,Pereslavl-Zalesskiy,RU,2021-04-04 04:55:36,56.7393,38.8563,33.44,76,92,6.89,overcast clouds
396,Kristiinankaupunki,FI,2021-04-04 04:55:36,62.2743,21.376,36.37,82,95,13.82,overcast clouds
397,Salta,AR,2021-04-04 04:55:37,-24.7859,-65.4117,62.6,94,75,3.44,broken clouds
398,Khonsa,IN,2021-04-04 04:55:37,27.0167,95.5667,83.12,23,11,6.06,few clouds
399,Socorro,US,2021-04-04 04:55:37,31.6546,-106.3033,71.01,28,1,16.04,clear sky
400,Nador,MA,2021-04-04 04:47:49,35.174,-2.9287,60.8,72,0,8.05,clear sky
401,Ancud,CL,2021-04-04 04:47:36,-41.8697,-73.8203,46.99,100,20,2.3,few clouds
402,Itarema,BR,2021-04-04 04:55:38,-2.9248,-39.9167,78.1,83,59,10.76,broken clouds
403,Caravelas,BR,2021-04-04 04:55:38,-17.7125,-39.2481,74.28,89,100,4.05,light rain
404,Jalu,LY,2021-04-04 04:55:39,29.0331,21.5482,64.78,19,25,10.0,scattered clouds
405,Killybegs,IE,2021-04-04 04:55:39,54.6333,-8.45,42.37,87,7,4.36,clear sky
406,Kamenka,RU,2021-04-04 04:55:39,51.3223,42.7678,34.0,90,100,8.28,overcast clouds
407,Kiunga,PG,2021-04-04 04:55:40,-6.1219,141.2906,82.63,67,99,1.66,overcast clouds
408,Lahat,ID,2021-04-04 04:55:40,-3.8,103.5333,87.89,60,100,4.76,overcast clouds
409,Sweetwater,US,2021-04-04 04:55:40,25.7634,-80.3731,70.0,49,75,8.05,broken clouds
410,Ustye,RU,2021-04-04 04:55:41,59.6304,39.736,29.48,87,29,5.37,scattered clouds
411,Zharkent,KZ,2021-04-04 04:54:20,44.1628,80.0,51.28,36,35,5.7,scattered clouds
412,Paamiut,GL,2021-04-04 04:54:17,61.994,-49.6678,33.91,98,100,11.54,moderate rain
413,Ajdabiya,LY,2021-04-04 04:48:23,30.7554,20.2263,65.88,24,5,12.88,clear sky
414,Nicoya,CR,2021-04-04 04:53:32,10.1483,-85.452,80.6,54,0,25.32,clear sky
415,Taoudenni,ML,2021-04-04 04:48:05,22.6783,-3.9836,79.99,20,94,3.22,overcast clouds
416,Dunmore Town,BS,2021-04-04 04:55:42,25.5,-76.65,67.68,64,100,24.18,overcast clouds
417,Havelock,US,2021-04-04 04:55:42,34.8791,-76.9013,46.99,81,1,5.75,clear sky
418,Klishkivtsi,UA,2021-04-04 04:55:43,48.4316,26.2623,39.2,87,0,11.18,clear sky
419,Kommunisticheskiy,RU,2021-04-04 04:55:43,61.6789,64.4819,33.26,97,100,7.99,overcast clouds
420,Sinop,TR,2021-04-04 04:54:45,41.7711,34.8709,50.5,73,15,11.48,few clouds
421,Alice Springs,AU,2021-04-04 04:55:43,-23.7,133.8833,87.01,23,0,14.97,clear sky
422,Oranjemund,NA,2021-04-04 04:55:13,-28.55,16.4333,60.31,89,0,6.31,clear sky
423,Ondangwa,NA,2021-04-04 04:55:44,-17.9167,15.95,64.4,82,4,3.44,clear sky
424,Talcahuano,CL,2021-04-04 04:55:44,-36.7167,-73.1167,51.8,93,0,3.74,clear sky
425,Husavik,IS,2021-04-04 04:43:05,66.0449,-17.3389,21.2,68,90,20.71,light snow
426,Mahebourg,MU,2021-04-04 04:42:54,-20.4081,57.7,80.6,83,75,9.22,broken clouds
427,Nikolskoye,RU,2021-04-04 04:48:12,59.7035,30.7861,35.01,75,0,6.71,clear sky
428,Dvinskoy,RU,2021-04-04 04:55:45,62.1535,45.1175,29.08,88,74,3.85,broken clouds
429,Kouroussa,GN,2021-04-04 04:55:45,10.65,-9.8833,74.66,52,25,5.39,scattered clouds
430,Cairns,AU,2021-04-04 04:55:15,-16.9167,145.7667,82.4,69,90,12.66,overcast clouds
431,Saint-Philippe,RE,2021-04-04 04:47:26,-21.3585,55.7679,86.0,54,0,3.44,clear sky
432,Burgeo,CA,2021-04-04 04:55:46,47.6167,-57.6152,38.73,95,100,20.65,overcast clouds
433,Sangar,RU,2021-04-04 04:55:46,63.9242,127.4739,1.78,82,98,3.76,overcast clouds
434,Port Said,EG,2021-04-04 04:55:47,31.2565,32.2841,57.2,77,0,9.22,clear sky
435,Okha,RU,2021-04-04 04:55:47,53.5739,142.9478,24.33,86,100,32.19,light snow
436,Udachnyy,RU,2021-04-04 04:47:22,66.4167,112.4,-3.15,84,97,10.25,overcast clouds
437,Aripuana,BR,2021-04-04 04:55:47,-9.1667,-60.6333,72.01,99,100,0.47,overcast clouds
438,Dovers,VC,2021-04-04 04:55:48,12.8833,-61.1833,78.13,73,99,17.27,overcast clouds
439,Henties Bay,NA,2021-04-04 04:47:51,-22.116,14.2845,64.99,88,0,1.01,clear sky
440,Moose Factory,CA,2021-04-04 04:47:29,51.2585,-80.6094,32.0,86,90,3.44,overcast clouds
441,Salina,US,2021-04-04 04:55:48,38.8403,-97.6114,57.99,76,1,6.91,clear sky
442,Sibu,MY,2021-04-04 04:51:24,2.3,111.8167,89.6,62,40,3.44,scattered clouds
443,Port Hedland,AU,2021-04-04 04:55:49,-20.3167,118.5667,98.6,20,74,14.97,broken clouds
444,Llangefni,GB,2021-04-04 04:55:49,53.2556,-4.3106,39.0,100,20,2.3,fog
445,Aguimes,ES,2021-04-04 04:55:50,27.9054,-15.4461,64.4,55,75,14.97,broken clouds
446,Kharan,PK,2021-04-04 04:55:50,28.5833,65.4167,86.94,13,0,9.48,clear sky
447,Ramsar,IR,2021-04-04 04:55:50,36.9226,50.6426,53.6,76,0,6.24,clear sky
448,Mareeba,AU,2021-04-04 04:55:51,-17.0,145.4333,82.4,69,90,12.66,light rain
449,La Ronge,CA,2021-04-04 04:55:51,55.1001,-105.2842,33.8,40,47,3.44,scattered clouds
450,Mahenge,TZ,2021-04-04 04:55:51,-8.6833,36.7167,65.32,94,95,1.54,overcast clouds
451,Tilichiki,RU,2021-04-04 04:47:53,60.4667,166.1,9.46,82,48,8.5,scattered clouds
452,Tyup,KG,2021-04-04 04:55:52,42.7276,78.3648,33.96,56,1,1.41,clear sky
453,Narsaq,GL,2021-04-04 04:55:52,60.9167,-46.05,37.4,87,90,4.61,light rain
454,Pueblo Nuevo,MX,2021-04-04 04:55:53,23.3833,-105.3833,54.91,65,7,4.76,clear sky
455,Camacha,PT,2021-04-04 04:55:53,33.0833,-16.3333,60.8,63,40,3.44,scattered clouds
456,Kushima,JP,2021-04-04 04:55:53,31.4583,131.2333,69.8,88,75,17.27,broken clouds
457,Abu Samrah,SY,2021-04-04 04:55:54,35.3029,37.1841,52.18,79,0,9.53,clear sky
458,San Andres,CO,2021-04-04 04:55:54,12.5847,-81.7006,80.6,74,75,9.22,broken clouds
459,Barcelona,ES,2021-04-04 04:54:12,41.3888,2.159,57.0,82,0,8.05,clear sky
460,Te Anau,NZ,2021-04-04 04:53:47,-45.4167,167.7167,59.5,83,88,9.31,overcast clouds
461,Saint-Germain-De-Grantham,CA,2021-04-04 04:55:55,45.8334,-72.5658,32.0,71,34,6.96,scattered clouds
462,Dashitou,CN,2021-04-04 04:55:55,43.3067,128.5114,44.78,21,0,7.36,clear sky
463,Luoyang,CN,2021-04-04 04:55:55,34.6836,112.4536,64.99,99,37,7.23,scattered clouds
464,Kedrovyy,RU,2021-04-04 04:55:56,56.1667,91.8167,33.8,86,75,6.71,light snow
465,Rumonge,BI,2021-04-04 04:55:56,-3.9736,29.4386,71.29,85,79,2.39,broken clouds
466,Port Blair,IN,2021-04-04 04:55:11,11.6667,92.75,85.95,56,46,7.27,scattered clouds
467,Basco,PH,2021-04-04 04:53:42,20.4487,121.9702,79.14,76,6,12.5,clear sky
468,Hoa Binh,VN,2021-04-04 04:54:46,20.8133,105.3383,82.4,83,75,4.61,mist
469,Port Pirie,AU,2021-04-04 04:55:57,-33.1833,138.0167,82.4,44,0,11.5,clear sky
470,Rognan,NO,2021-04-04 04:55:57,67.0953,15.3878,39.99,91,100,5.01,overcast clouds
471,Dover,US,2021-04-04 04:55:57,39.1582,-75.5244,44.01,49,40,6.49,scattered clouds
472,Catamarca,AR,2021-04-04 04:55:58,-28.4696,-65.7852,60.01,89,69,10.33,broken clouds
473,Lavrentiya,RU,2021-04-04 04:45:07,65.5833,-171.0,3.51,92,100,8.21,overcast clouds
474,Aktau,KZ,2021-04-04 04:55:58,43.65,51.2,50.0,76,0,4.47,clear sky
475,Zhigalovo,RU,2021-04-04 04:55:58,54.8097,105.1578,37.74,76,100,12.28,light snow
476,Auki,SB,2021-04-04 04:55:59,-8.7676,160.7034,86.88,63,66,2.37,broken clouds
477,Sundumbili,ZA,2021-04-04 04:55:59,-29.1337,31.3975,59.0,94,0,3.44,clear sky
478,Lerwick,GB,2021-04-04 04:56:00,60.1545,-1.1494,44.6,93,90,31.07,overcast clouds
479,Topeka,US,2021-04-04 04:55:08,39.0483,-95.678,62.6,51,1,6.91,clear sky
480,Miri,MY,2021-04-04 04:46:11,4.4148,114.0089,87.8,70,40,5.75,scattered clouds
481,Oistins,BB,2021-04-04 04:56:00,13.0667,-59.5333,78.8,61,40,21.85,scattered clouds
482,Capinota,BO,2021-04-04 04:56:00,-17.7167,-66.2333,64.4,52,75,5.75,broken clouds
483,Joniskis,LT,2021-04-04 04:56:01,56.2403,23.6153,30.2,93,75,9.22,broken clouds
484,Sampang,ID,2021-04-04 04:56:01,-7.1872,113.2394,89.6,70,40,5.75,scattered clouds
485,Pangnirtung,CA,2021-04-04 04:56:01,66.1451,-65.7125,1.49,70,100,5.84,overcast clouds
486,Bull Savanna,JM,2021-04-04 04:56:02,17.8868,-77.5902,73.29,80,25,9.31,scattered clouds
487,Bonthe,SL,2021-04-04 04:56:02,7.5264,-12.505,77.74,89,26,4.32,scattered clouds
488,Pimentel,PE,2021-04-04 04:56:02,-6.8367,-79.9342,69.01,82,91,4.0,overcast clouds
489,Oriximina,BR,2021-04-04 04:48:24,-1.7656,-55.8661,73.08,95,92,3.27,overcast clouds
490,Adre,TD,2021-04-04 04:56:03,13.4667,22.2,72.75,14,100,18.3,overcast clouds
491,Vanavara,RU,2021-04-04 04:56:03,60.34,102.2797,26.62,83,100,9.15,overcast clouds
492,Pontal Do Parana,BR,2021-04-04 04:56:04,-25.6533,-48.5128,60.01,85,59,14.0,broken clouds
493,Komsomolskiy,UZ,2021-04-04 04:54:58,40.4272,71.7189,57.2,24,100,2.3,overcast clouds
494,Svobodnyy,RU,2021-04-04 04:56:04,51.4,128.1333,37.24,58,98,3.0,overcast clouds
495,San Cristobal,VE,2021-04-04 04:43:48,7.7669,-72.225,67.68,83,86,1.72,overcast clouds
496,Soe,ID,2021-04-04 04:56:05,-9.8607,124.284,68.09,89,100,9.82,light rain
497,Fort Nelson,CA,2021-04-04 04:56:05,58.8053,-122.7002,32.0,55,75,2.3,broken clouds
498,Sorland,NO,2021-04-04 04:56:05,67.667,12.6934,36.03,97,100,12.19,light rain
499,Kibakwe,TZ,2021-04-04 04:52:23,-6.7167,36.3667,65.88,91,97,3.29,overcast clouds
500,Sungairaya,ID,2021-04-04 04:56:06,0.7,108.9,88.52,56,53,8.81,broken clouds
501,Brigham City,US,2021-04-04 04:56:06,41.5102,-112.0155,59.0,33,1,6.91,clear sky
502,Ilulissat,GL,2021-04-04 04:47:05,69.2167,-51.1,-0.4,60,22,8.05,few clouds
503,Kununurra,AU,2021-04-04 04:54:25,-15.7667,128.7333,95.0,29,99,11.5,overcast clouds
504,Tabou,CI,2021-04-04 04:56:07,4.423,-7.3528,78.15,90,46,4.83,scattered clouds
505,Puerto Colombia,CO,2021-04-04 04:47:39,10.9878,-74.9547,78.8,83,40,16.11,fog
506,Christchurch,NZ,2021-04-04 04:51:35,-43.5333,172.6333,78.8,25,3,16.11,clear sky
507,Dwarka,IN,2021-04-04 04:56:07,22.2394,68.9678,83.77,61,2,8.59,clear sky
508,Rio Gallegos,AR,2021-04-04 04:47:11,-51.6226,-69.2181,35.6,69,0,4.61,clear sky
509,Moree,AU,2021-04-04 04:56:08,-29.4667,149.85,80.6,47,40,5.75,scattered clouds
510,Lakselv,NO,2021-04-04 04:56:08,70.0513,24.9718,30.2,86,20,5.75,few clouds
511,Gondanglegi,ID,2021-04-04 04:56:09,-7.7479,112.0132,88.56,65,89,3.91,overcast clouds
512,Uricani,RO,2021-04-04 04:56:09,45.3373,23.1524,34.39,88,94,3.96,overcast clouds
513,Kemerovo,RU,2021-04-04 04:52:02,55.3333,86.0833,33.8,64,0,8.95,clear sky
514,Bandar-E Lengeh,IR,2021-04-04 04:56:10,26.5579,54.8807,78.8,69,0,6.91,haze
515,Sao Joao Da Barra,BR,2021-04-04 04:47:43,-21.6403,-41.0511,70.63,90,44,8.12,scattered clouds
516,Broome,US,2021-04-04 04:47:20,42.2506,-75.833,37.4,70,90,5.75,overcast clouds
517,Baft,IR,2021-04-04 04:56:10,29.234,56.6057,66.06,24,30,23.6,scattered clouds
518,Olinda,BR,2021-04-04 04:53:35,-8.0089,-34.8553,75.2,88,40,3.44,light rain
519,Yarensk,RU,2021-04-04 04:56:11,62.1675,49.0916,30.76,91,99,1.74,light snow
520,Sao Gabriel Da Cachoeira,BR,2021-04-04 04:53:15,-0.1303,-67.0892,73.42,98,99,1.77,overcast clouds
521,Ilhabela,BR,2021-04-04 04:56:11,-23.7781,-45.3581,71.44,85,46,2.21,scattered clouds
522,Forrest City,US,2021-04-04 04:56:11,35.0081,-90.7898,54.0,58,1,4.61,clear sky
523,Turukhansk,RU,2021-04-04 04:56:12,65.8167,87.9833,23.76,90,99,14.52,overcast clouds
524,Sulphur,US,2021-04-04 04:56:12,30.2366,-93.3774,57.2,62,1,2.86,clear sky
525,Uvalde,US,2021-04-04 04:56:12,29.3669,-99.767,68.0,63,90,11.5,overcast clouds
526,Haapiti,PF,2021-04-04 04:47:58,-17.5667,-149.8667,84.2,74,40,3.44,light rain
527,Batemans Bay,AU,2021-04-04 04:56:13,-35.7167,150.1833,82.0,42,30,3.91,scattered clouds
528,Saint-Pierre,RE,2021-04-04 04:47:50,-21.3393,55.4781,86.0,54,0,3.44,clear sky
529,Januaria,BR,2021-04-04 04:56:13,-15.4833,-44.3667,69.4,94,97,2.19,overcast clouds
530,Palmer,US,2021-04-04 04:48:07,42.1584,-72.3287,28.99,64,20,1.52,few clouds
531,Oga,IT,2021-04-04 04:56:14,46.4631,10.347,41.0,92,0,2.3,clear sky
532,Ketchikan,US,2021-04-04 04:56:14,55.3422,-131.6461,30.16,92,26,3.53,scattered clouds
533,Kayankulam,IN,2021-04-04 04:56:14,9.1833,76.5,86.77,57,61,8.84,broken clouds
534,Atbasar,KZ,2021-04-04 04:56:15,51.8,68.3333,34.39,95,100,11.21,overcast clouds
535,Ende,ID,2021-04-04 04:56:15,-8.8432,121.6623,75.79,97,100,11.56,heavy intensity rain
536,Rio Cuarto,AR,2021-04-04 04:56:15,-33.1307,-64.3499,64.0,81,0,8.01,clear sky
537,Khani,GE,2021-04-04 04:47:48,41.9563,42.9566,51.8,71,0,12.66,clear sky
538,Berdigestyakh,RU,2021-04-04 04:47:27,62.0989,126.6992,7.99,76,90,3.38,overcast clouds
539,Weiser,US,2021-04-04 04:56:16,44.251,-116.9693,62.6,27,1,5.75,clear sky
540,Krasnoselkup,RU,2021-04-04 04:43:14,65.7,82.4667,31.69,98,100,11.1,overcast clouds
541,Anito,PH,2021-04-04 04:56:16,12.4497,125.2886,84.11,62,85,8.37,overcast clouds
542,Ocos,GT,2021-04-04 04:56:17,14.5094,-92.1933,80.6,83,40,5.01,scattered clouds
543,Gaya,IN,2021-04-04 04:52:44,24.7833,85.0,91.4,16,5,4.32,dust
544,Alofi,NU,2021-04-04 04:48:12,-19.0595,-169.9187,82.4,74,21,4.61,few clouds
545,Waipawa,NZ,2021-04-04 04:45:11,-41.4122,175.5153,63.0,67,9,32.21,clear sky
546,Banepa,NP,2021-04-04 04:56:17,27.6298,85.5214,69.8,28,20,2.3,haze
547,Kearney,US,2021-04-04 04:56:18,40.6995,-99.0815,57.2,54,1,9.22,clear sky
548,Salinopolis,BR,2021-04-04 04:56:18,-0.6136,-47.3561,77.76,86,94,7.92,overcast clouds
549,Karpathos,GR,2021-04-04 04:56:18,35.507,27.2132,60.8,88,5,11.5,clear sky
550,Berlevag,NO,2021-04-04 04:47:47,70.8578,29.0864,31.69,78,100,14.9,overcast clouds
551,Laguna,US,2021-04-04 04:47:25,38.421,-121.4238,54.0,62,1,12.66,clear sky
552,Cobija,BO,2021-04-04 04:56:19,-11.0267,-68.7692,70.86,99,97,2.28,overcast clouds
553,Goma,CD,2021-04-04 04:56:20,-1.6792,29.2228,66.2,77,75,4.61,broken clouds
554,Fiumicino,IT,2021-04-04 04:56:20,41.7675,12.2291,53.01,62,40,8.05,scattered clouds
555,Kailua,US,2021-04-04 04:56:20,21.4022,-157.7394,75.2,60,20,19.57,few clouds
556,Pyaozerskiy,RU,2021-04-04 04:56:21,65.8333,31.1667,30.45,93,100,10.89,light snow
557,Belogorsk,RU,2021-04-04 04:56:21,50.9158,128.4611,38.7,50,100,5.35,overcast clouds
558,Chanika,TZ,2021-04-04 04:56:21,-5.4167,38.0167,70.84,88,82,3.83,broken clouds
559,Sinnamary,GF,2021-04-04 04:56:22,5.3833,-52.95,77.0,89,100,11.97,overcast clouds
560,Machinga,MW,2021-04-04 04:56:22,-15.1685,35.3,66.6,92,27,1.99,scattered clouds
561,Jacksonville,US,2021-04-04 04:52:41,30.3322,-81.6556,55.99,71,20,5.75,few clouds
562,Yakeshi,CN,2021-04-04 04:56:23,49.2833,120.7333,46.04,34,45,19.46,scattered clouds
563,Gonda,IN,2021-04-04 04:56:23,27.1333,81.9333,96.87,4,0,12.26,clear sky
564,Yarmouth,US,2021-04-04 04:48:07,41.7057,-70.2286,34.0,74,1,3.44,clear sky
565,Georgiyevka,KZ,2021-04-04 04:56:23,43.0369,74.7114,59.0,33,0,13.42,clear sky
566,Buraydah,SA,2021-04-04 04:52:03,26.326,43.975,57.2,38,20,9.22,few clouds
567,Starokamyshinsk,RU,2021-04-04 04:56:24,55.0554,61.6031,32.0,93,75,4.47,broken clouds
568,Harper,LR,2021-04-04 04:47:59,4.375,-7.7169,78.39,88,47,4.85,scattered clouds
569,Kabinda,CD,2021-04-04 04:56:24,-6.1333,24.4833,66.74,93,92,2.24,moderate rain
570,Korla,CN,2021-04-04 04:56:25,41.7597,86.1469,56.3,15,39,16.33,scattered clouds
571,Amapa,BR,2021-04-04 04:46:55,1.0,-52.0,72.01,99,86,1.77,overcast clouds
572,Yantongshan,CN,2021-04-04 04:56:25,43.2919,126.0094,49.84,16,0,9.1,clear sky
573,Zwedru,LR,2021-04-04 04:56:25,6.0667,-8.1281,72.14,98,11,2.46,few clouds
574,Tarakan,ID,2021-04-04 04:56:26,3.3,117.6333,83.16,73,82,4.65,broken clouds
575,Iqaluit,CA,2021-04-04 04:56:26,63.7506,-68.5145,3.2,66,75,2.3,light snow
576,Miramar,US,2021-04-04 04:55:26,25.9873,-80.2323,69.8,45,90,16.11,overcast clouds
577,Lakes Entrance,AU,2021-04-04 04:56:08,-37.8811,147.981,72.0,75,0,3.0,clear sky
578,Beckley,US,2021-04-04 04:56:27,37.7782,-81.1882,41.0,36,1,5.75,clear sky
579,Barra Do Corda,BR,2021-04-04 04:52:11,-5.5,-45.25,71.91,95,48,2.24,scattered clouds
580,Mokolo,CM,2021-04-04 04:56:27,10.7398,13.8019,71.76,17,86,4.92,overcast clouds
581,Verkhnyachka,UA,2021-04-04 04:56:27,48.8285,30.0396,40.51,76,100,4.43,overcast clouds
582,Neftegorsk,RU,2021-04-04 04:56:28,52.802,51.166,33.71,99,99,4.65,overcast clouds
583,Sembakung,ID,2021-04-04 04:56:28,3.8167,117.25,93.07,52,79,0.74,broken clouds
584,Tahoua,NE,2021-04-04 04:56:28,14.8888,5.2692,77.0,8,0,9.22,clear sky
585,Soledade,BR,2021-04-04 04:53:50,-28.8183,-52.5103,56.82,85,3,5.77,clear sky
586,Ewa Beach,US,2021-04-04 04:53:31,21.3156,-158.0072,75.2,60,1,8.05,clear sky
587,Luanda,AO,2021-04-04 04:46:49,-8.8368,13.2343,77.0,94,75,3.44,heavy intensity rain
588,Saint-Michel-Des-Saints,CA,2021-04-04 04:56:29,46.6834,-73.9159,30.99,69,90,3.13,overcast clouds
589,Houston,US,2021-04-04 04:55:44,29.7633,-95.3633,60.01,82,75,8.05,broken clouds
590,Tiznit,MA,2021-04-04 04:56:30,29.5833,-9.5,53.29,86,54,3.96,broken clouds
591,Buchanan,LR,2021-04-04 04:56:30,5.8808,-10.0467,78.13,90,17,3.58,light rain
592,Sao Geraldo Do Araguaia,BR,2021-04-04 04:56:31,-6.4006,-48.555,74.17,89,70,2.17,broken clouds
593,Ishigaki,JP,2021-04-04 04:56:31,24.3448,124.1572,69.8,94,75,13.8,broken clouds
594,Lasa,IT,2021-04-04 04:47:10,46.6166,10.7002,32.0,80,0,10.36,clear sky
595,Taltal,CL,2021-04-04 04:56:31,-25.4,-70.4833,62.62,87,83,1.01,broken clouds
596,Dauriya,RU,2021-04-04 04:56:32,49.9333,116.8667,47.1,28,81,19.42,broken clouds
597,Pingliang,CN,2021-04-04 04:56:32,35.5392,106.6861,40.62,96,100,6.69,overcast clouds
598,Carroll,US,2021-04-04 04:56:33,39.5501,-77.0164,39.99,65,93,5.12,overcast clouds
599,San Jeronimo,PE,2021-04-04 04:56:33,-11.9472,-75.2829,49.57,87,99,0.98,overcast clouds
600,Lamu,KE,2021-04-04 04:54:17,-2.2717,40.902,82.4,83,40,3.44,scattered clouds
601,Haines Junction,CA,2021-04-04 04:54:04,60.7522,-137.5108,28.4,54,68,6.91,broken clouds
602,Payson,US,2021-04-04 04:56:34,40.0444,-111.7321,60.8,39,1,6.91,clear sky
603,The Valley,AI,2021-04-04 04:56:14,18.217,-63.0578,78.8,73,40,9.22,scattered clouds
604,Faya,SA,2021-04-04 04:56:34,18.3851,42.4509,62.6,72,10,7.9,clear sky
605,Pundaguitan,PH,2021-04-04 04:56:34,6.3711,126.1689,82.89,72,97,9.66,overcast clouds
606,Upington,ZA,2021-04-04 04:54:16,-28.4478,21.2561,60.8,82,0,4.32,clear sky
607,Matoury,GF,2021-04-04 04:56:35,4.8483,-52.3317,80.01,94,75,6.38,broken clouds
608,Sao Francisco,BR,2021-04-04 04:56:35,-15.9486,-44.8644,69.67,96,100,2.8,overcast clouds
609,Tommot,RU,2021-04-04 04:56:36,58.9564,126.2925,24.44,68,100,2.77,overcast clouds
610,Tahe,CN,2021-04-04 04:56:36,52.3333,124.7333,42.24,37,33,9.17,scattered clouds
611,Vestmannaeyjar,IS,2021-04-04 04:47:23,63.4427,-20.2734,30.4,67,28,29.75,scattered clouds
612,Hofn,IS,2021-04-04 04:46:55,64.2539,-15.2082,25.56,62,4,24.45,clear sky
613,Shubarshi,KZ,2021-04-04 04:56:37,48.5872,57.1869,35.65,91,100,11.79,overcast clouds
614,Pacific Grove,US,2021-04-04 04:53:13,36.6177,-121.9166,52.0,86,100,6.67,overcast clouds
615,Wakema,MM,2021-04-04 04:56:37,16.6,95.1833,90.5,38,91,14.58,light rain
616,Nuuk,GL,2021-04-04 04:56:37,64.1835,-51.7216,30.2,40,90,5.75,light snow
617,Ariquemes,BR,2021-04-04 04:56:38,-9.9133,-63.0408,72.9,98,99,1.19,light rain
618,Poum,NC,2021-04-04 04:56:38,-20.2333,164.0167,80.55,81,98,20.76,overcast clouds
619,Gardelegen,DE,2021-04-04 04:56:38,52.5252,11.3952,35.01,80,8,5.7,clear sky
620,Olga,RU,2021-04-04 04:47:32,43.7444,135.2892,49.66,23,91,12.35,overcast clouds
621,Cheney,US,2021-04-04 04:56:39,47.4874,-117.5758,53.6,35,75,8.05,broken clouds
622,Mecca,SA,2021-04-04 04:53:12,21.4267,39.8261,73.76,45,0,6.04,clear sky
623,Hameenlinna,FI,2021-04-04 04:56:39,60.996,24.4643,35.6,87,0,10.36,clear sky
624,Fukue,JP,2021-04-04 04:56:33,32.6881,128.8419,59.0,94,75,8.05,broken clouds
625,Faranah,GN,2021-04-04 04:56:40,10.0404,-10.7434,74.52,80,62,7.31,broken clouds
626,Lyuban,BY,2021-04-04 04:56:40,52.7985,28.0048,33.48,84,38,6.29,scattered clouds
627,Miranda,CO,2021-04-04 04:56:40,3.2499,-76.2281,71.6,83,40,4.61,scattered clouds
628,Rosarito,MX,2021-04-04 04:56:41,32.3333,-117.0333,57.99,100,40,5.75,scattered clouds
629,Betioky,MG,2021-04-04 04:56:41,-23.7167,44.3833,74.21,76,0,1.45,clear sky
630,Savonlinna,FI,2021-04-04 04:47:30,61.8699,28.88,30.2,86,90,9.22,light snow
631,Malakal,SS,2021-04-04 04:56:42,9.5334,31.6605,85.8,12,39,9.69,scattered clouds
632,Qaqortoq,GL,2021-04-04 04:48:20,60.7167,-46.0333,37.4,87,90,4.61,light rain
633,Ngunguru,NZ,2021-04-04 04:56:42,-35.6167,174.5,73.99,60,3,10.0,clear sky
634,Puri,IN,2021-04-04 04:56:42,19.8,85.85,89.6,62,20,8.52,haze
635,Oktyabrskoye,RU,2021-04-04 04:56:43,43.0645,44.7417,46.4,81,8,6.71,clear sky
636,Mendi,PG,2021-04-04 04:56:43,-6.1761,143.6513,65.01,73,89,4.72,overcast clouds
637,Sovetskiy,RU,2021-04-04 04:56:43,61.3614,63.5842,34.21,90,100,8.72,overcast clouds
638,Kropotkin,RU,2021-04-04 04:56:44,45.4375,40.5756,49.15,80,97,10.63,overcast clouds
639,Toamasina,MG,2021-04-04 04:56:44,-18.1667,49.3833,73.4,94,40,1.14,scattered clouds
640,Barra Patuca,HN,2021-04-04 04:56:45,15.8,-84.2833,75.52,84,34,13.96,scattered clouds
641,Verkhoyansk,RU,2021-04-04 04:56:45,67.5447,133.385,1.27,73,100,3.85,overcast clouds
642,Zdvinsk,RU,2021-04-04 04:56:45,54.7021,78.661,29.8,80,38,7.29,scattered clouds
643,Inhambane,MZ,2021-04-04 04:56:46,-23.865,35.3833,73.4,83,40,4.61,scattered clouds
644,Kani,JP,2021-04-04 04:56:46,35.4261,137.0611,62.01,94,75,6.91,light rain
645,Villaviciosa,ES,2021-04-04 04:56:46,43.4813,-5.4357,42.01,89,7,4.68,clear sky
646,Plouzane,FR,2021-04-04 04:56:47,48.3833,-4.6167,41.0,75,0,9.22,clear sky
647,Kalmunai,LK,2021-04-04 04:56:47,7.4167,81.8167,86.27,64,22,3.83,few clouds
648,Caconda,AO,2021-04-04 04:56:47,-13.7333,15.0667,57.96,94,100,4.0,overcast clouds
649,Mangan,IN,2021-04-04 04:56:48,27.5167,88.5333,77.41,17,0,5.26,clear sky
650,Fortuna,US,2021-04-04 04:56:48,40.5982,-124.1573,50.0,87,90,4.61,overcast clouds
651,Margate,GB,2021-04-04 04:56:48,51.3813,1.3862,42.01,71,100,1.99,overcast clouds
652,Gat,IL,2021-04-04 04:56:25,31.61,34.7642,55.0,74,0,2.28,clear sky
653,Victor Harbor,AU,2021-04-04 04:56:49,-35.5667,138.6167,69.01,76,3,3.0,clear sky
654,Agadez,NE,2021-04-04 04:56:49,19.75,10.25,64.6,14,0,3.85,clear sky
655,Bubaque,GW,2021-04-04 04:46:54,11.2833,-15.8333,74.93,80,19,14.32,few clouds
656,Fort Abbas,PK,2021-04-04 04:56:50,29.1925,72.8536,89.76,5,1,10.09,clear sky
657,Banjar,ID,2021-04-04 04:56:50,-8.19,114.9675,86.0,70,40,6.91,scattered clouds
658,Valdivia,CL,2021-04-04 04:56:51,-39.8142,-73.2459,41.0,100,90,1.14,overcast clouds
659,Kushikino,JP,2021-04-04 04:56:51,31.7167,130.2667,64.4,94,75,6.91,fog
660,Rio Grande,BR,2021-04-04 04:56:51,-32.035,-52.0986,66.99,94,2,11.88,clear sky
661,Abbeville,FR,2021-04-04 04:56:52,50.1,1.8333,39.0,84,10,4.23,clear sky
662,Maumere,ID,2021-04-04 04:56:52,-8.6199,122.2111,76.15,89,100,18.61,heavy intensity rain
663,Thunder Bay,CA,2021-04-04 04:55:19,48.4001,-89.3168,39.99,60,1,2.3,clear sky
664,Omsukchan,RU,2021-04-04 04:56:52,62.5333,155.8,2.88,82,95,4.9,overcast clouds
665,Pittsburg,US,2021-04-04 04:55:01,38.028,-121.8847,53.6,62,1,9.22,clear sky
666,Dole,FR,2021-04-04 04:56:53,47.0833,5.5,39.99,65,0,10.36,clear sky
667,Traverse City,US,2021-04-04 04:53:24,44.7631,-85.6206,39.0,80,1,3.8,clear sky
668,Puerto Baquerizo Moreno,EC,2021-04-04 04:56:53,-0.9,-89.6,76.5,88,42,6.06,scattered clouds
669,Ust-Kuyga,RU,2021-04-04 04:56:54,70.0167,135.6,-5.26,88,100,6.15,overcast clouds
670,Meadow Lake,US,2021-04-04 04:56:54,34.8014,-106.5436,66.2,26,20,11.5,few clouds
671,Paita,PE,2021-04-04 04:56:55,-5.0892,-81.1144,72.95,77,90,4.45,overcast clouds
672,Chapada Dos Guimaraes,BR,2021-04-04 04:56:55,-15.4606,-55.7497,75.2,88,0,4.61,moderate rain
673,Terrasini,IT,2021-04-04 04:56:55,38.146,13.0844,60.8,77,90,6.91,overcast clouds
674,Truth Or Consequences,US,2021-04-04 04:52:02,33.1284,-107.2528,66.2,27,1,5.75,clear sky
675,Kisangani,CD,2021-04-04 04:55:18,0.5167,25.2,69.8,100,90,2.19,mist
676,Sapele,NG,2021-04-04 04:56:56,5.8941,5.6767,77.67,90,96,2.66,overcast clouds
677,Borba,BR,2021-04-04 04:56:57,-4.3878,-59.5939,73.35,98,100,2.51,overcast clouds
678,Hearst,CA,2021-04-04 04:56:57,49.6835,-83.6665,28.4,86,100,3.44,overcast clouds
679,Vagur,FO,2021-04-04 04:48:14,61.4732,-6.8119,43.86,90,100,44.27,overcast clouds
680,Ostrovnoy,RU,2021-04-04 04:43:04,68.0531,39.5131,26.55,90,100,20.04,overcast clouds
681,Wajima,JP,2021-04-04 04:56:58,37.4,136.9,55.4,100,75,5.75,mist
682,Balakirevo,RU,2021-04-04 04:56:58,56.5059,38.8432,32.95,74,73,5.82,light snow
683,Xining,CN,2021-04-04 04:56:59,36.6167,101.7667,40.12,60,98,2.95,overcast clouds
684,Havre-Saint-Pierre,CA,2021-04-04 04:56:59,50.2334,-63.5986,26.6,68,90,8.05,overcast clouds
685,Kloulklubed,PW,2021-04-04 04:45:28,7.0419,134.2556,87.8,70,75,11.5,broken clouds
686,Guarapari,BR,2021-04-04 04:57:00,-20.6667,-40.4975,71.6,88,0,2.3,clear sky
687,Kingsport,US,2021-04-04 04:53:26,36.5484,-82.5618,39.2,60,1,1.92,clear sky
688,Diamantino,BR,2021-04-04 04:57:00,-14.4086,-56.4461,73.44,90,91,4.09,overcast clouds
689,Florianopolis,BR,2021-04-04 04:57:00,-27.6146,-48.5012,73.99,94,0,1.14,clear sky
690,Talara,PE,2021-04-04 04:57:01,-4.5772,-81.2719,71.71,83,99,5.55,light rain
691,Doha,QA,2021-04-04 04:43:12,25.2867,51.5333,72.0,53,0,18.41,clear sky
692,Aguas Vermelhas,BR,2021-04-04 04:57:01,-15.7472,-41.46,65.71,98,100,2.46,overcast clouds
693,Bone,DE,2021-04-04 04:57:02,51.9669,12.1396,33.01,84,3,2.06,clear sky
694,Gorontalo,ID,2021-04-04 04:55:47,0.5412,123.0595,90.99,55,84,5.84,broken clouds
695,Malpe,IN,2021-04-04 04:57:02,13.35,74.7167,86.0,66,20,7.47,few clouds
696,Slave Lake,CA,2021-04-04 04:57:02,55.2834,-114.769,42.8,56,90,5.75,overcast clouds
697,Zeya,RU,2021-04-04 04:57:03,53.75,127.2667,30.67,81,99,2.68,overcast clouds
698,Pilar,BR,2021-04-04 04:57:03,-9.5972,-35.9567,75.2,94,75,2.3,broken clouds
699,Bandarbeyla,SO,2021-04-04 04:48:23,9.4942,50.8122,80.24,69,99,2.75,overcast clouds
700,Raga,SS,2021-04-04 04:57:04,8.4596,25.678,73.27,23,14,3.53,few clouds
701,Kamloops,CA,2021-04-04 04:56:44,50.6665,-120.3192,53.6,40,40,16.11,scattered clouds
